dataset,seed,F,kappa,p,alpha,labeled_count,delta_cv,se_cv,theta,binary_cv_brier,local_cv_brier,base_ACC,model_ACC,dACC,base_NMI,model_NMI,dNMI
PIE,20260617,3,0,3,1000,272,-0.0141344070180554,0.00146826292858542,0,0.174755459331131,0.188889866349186,0.939241486068111,0.939241486068111,0,0.956012644862861,0.956012644862861,0
PIE,20260617,3,0.5,3,1000,272,-0.0141344070180554,0.00146826292858542,0,0.174755459331131,0.188889866349186,0.939241486068111,0.939241486068111,0,0.956012644862861,0.956012644862861,0
PIE,20260617,3,1,3,1000,272,-0.0141344070180554,0.00146826292858542,0,0.174755459331131,0.188889866349186,0.939241486068111,0.939241486068111,0,0.956012644862861,0.956012644862861,0
PIE,20260617,3,1.5,3,1000,272,-0.0141344070180554,0.00146826292858542,0,0.174755459331131,0.188889866349186,0.939241486068111,0.939241486068111,0,0.956012644862861,0.956012644862861,0
PIE,20260617,5,0,3,1000,272,-0.00403617013428344,0.0022555840095089,0,0.132315539922334,0.136351710056617,0.939241486068111,0.939241486068111,0,0.956012644862861,0.956012644862861,0
PIE,20260617,5,0.5,3,1000,272,-0.00403617013428344,0.0022555840095089,0,0.132315539922334,0.136351710056617,0.939241486068111,0.939241486068111,0,0.956012644862861,0.956012644862861,0
PIE,20260617,5,1,3,1000,272,-0.00403617013428344,0.0022555840095089,0,0.132315539922334,0.136351710056617,0.939241486068111,0.939241486068111,0,0.956012644862861,0.956012644862861,0
PIE,20260617,5,1.5,3,1000,272,-0.00403617013428344,0.0022555840095089,0,0.132315539922334,0.136351710056617,0.939241486068111,0.939241486068111,0,0.956012644862861,0.956012644862861,0
PIE,20260617,10,0,3,1000,272,-0.00399555181918916,0.00243395060253854,0,0.137392681559863,0.141388233379052,0.939241486068111,0.939241486068111,0,0.956012644862861,0.956012644862861,0
PIE,20260617,10,0.5,3,1000,272,-0.00399555181918916,0.00243395060253854,0,0.137392681559863,0.141388233379052,0.939241486068111,0.939241486068111,0,0.956012644862861,0.956012644862861,0
PIE,20260617,10,1,3,1000,272,-0.00399555181918916,0.00243395060253854,0,0.137392681559863,0.141388233379052,0.939241486068111,0.939241486068111,0,0.956012644862861,0.956012644862861,0
PIE,20260617,10,1.5,3,1000,272,-0.00399555181918916,0.00243395060253854,0,0.137392681559863,0.141388233379052,0.939241486068111,0.939241486068111,0,0.956012644862861,0.956012644862861,0
PIE,20260618,3,0,3,1000,272,-0.00771270580481287,0.00645298046748923,0,0.16985552704775,0.177568232852563,0.954721362229102,0.954721362229102,0,0.962214362905925,0.962214362905925,0
PIE,20260618,3,0.5,3,1000,272,-0.00771270580481287,0.00645298046748923,0,0.16985552704775,0.177568232852563,0.954721362229102,0.954721362229102,0,0.962214362905925,0.962214362905925,0
PIE,20260618,3,1,3,1000,272,-0.00771270580481287,0.00645298046748923,0,0.16985552704775,0.177568232852563,0.954721362229102,0.954721362229102,0,0.962214362905925,0.962214362905925,0
PIE,20260618,3,1.5,3,1000,272,-0.00771270580481287,0.00645298046748923,0,0.16985552704775,0.177568232852563,0.954721362229102,0.954721362229102,0,0.962214362905925,0.962214362905925,0
PIE,20260618,5,0,3,1000,272,-0.00278407789378165,0.00559718413176175,0,0.14763952114499,0.150423599038772,0.954721362229102,0.954721362229102,0,0.962214362905925,0.962214362905925,0
PIE,20260618,5,0.5,3,1000,272,-0.00278407789378165,0.00559718413176175,0,0.14763952114499,0.150423599038772,0.954721362229102,0.954721362229102,0,0.962214362905925,0.962214362905925,0
PIE,20260618,5,1,3,1000,272,-0.00278407789378165,0.00559718413176175,0,0.14763952114499,0.150423599038772,0.954721362229102,0.954721362229102,0,0.962214362905925,0.962214362905925,0
PIE,20260618,5,1.5,3,1000,272,-0.00278407789378165,0.00559718413176175,0,0.14763952114499,0.150423599038772,0.954721362229102,0.954721362229102,0,0.962214362905925,0.962214362905925,0
PIE,20260618,10,0,3,1000,272,-0.00332753595926905,0.00466222498391674,0,0.150328442249006,0.153655978208275,0.954721362229102,0.954721362229102,0,0.962214362905925,0.962214362905925,0
PIE,20260618,10,0.5,3,1000,272,-0.00332753595926905,0.00466222498391674,0,0.150328442249006,0.153655978208275,0.954721362229102,0.954721362229102,0,0.962214362905925,0.962214362905925,0
PIE,20260618,10,1,3,1000,272,-0.00332753595926905,0.00466222498391674,0,0.150328442249006,0.153655978208275,0.954721362229102,0.954721362229102,0,0.962214362905925,0.962214362905925,0
PIE,20260618,10,1.5,3,1000,272,-0.00332753595926905,0.00466222498391674,0,0.150328442249006,0.153655978208275,0.954721362229102,0.954721362229102,0,0.962214362905925,0.962214362905925,0
PIE,20260619,3,0,3,1000,272,-0.0112760659006971,0.00314430013659165,0,0.145413542765032,0.156689608665729,0.930727554179567,0.930727554179567,0,0.947583984071251,0.947583984071251,0
PIE,20260619,3,0.5,3,1000,272,-0.0112760659006971,0.00314430013659165,0,0.145413542765032,0.156689608665729,0.930727554179567,0.930727554179567,0,0.947583984071251,0.947583984071251,0
PIE,20260619,3,1,3,1000,272,-0.0112760659006971,0.00314430013659165,0,0.145413542765032,0.156689608665729,0.930727554179567,0.930727554179567,0,0.947583984071251,0.947583984071251,0
PIE,20260619,3,1.5,3,1000,272,-0.0112760659006971,0.00314430013659165,0,0.145413542765032,0.156689608665729,0.930727554179567,0.930727554179567,0,0.947583984071251,0.947583984071251,0
PIE,20260619,5,0,3,1000,272,-0.00452305689173541,0.000360772108540112,0,0.119249291946256,0.123772348837991,0.930727554179567,0.930727554179567,0,0.947583984071251,0.947583984071251,0
PIE,20260619,5,0.5,3,1000,272,-0.00452305689173541,0.000360772108540112,0,0.119249291946256,0.123772348837991,0.930727554179567,0.930727554179567,0,0.947583984071251,0.947583984071251,0
PIE,20260619,5,1,3,1000,272,-0.00452305689173541,0.000360772108540112,0,0.119249291946256,0.123772348837991,0.930727554179567,0.930727554179567,0,0.947583984071251,0.947583984071251,0
PIE,20260619,5,1.5,3,1000,272,-0.00452305689173541,0.000360772108540112,0,0.119249291946256,0.123772348837991,0.930727554179567,0.930727554179567,0,0.947583984071251,0.947583984071251,0
PIE,20260619,10,0,3,1000,272,-0.00421233130464877,0.00247057373712,0,0.119298492759253,0.123510824063902,0.930727554179567,0.930727554179567,0,0.947583984071251,0.947583984071251,0
PIE,20260619,10,0.5,3,1000,272,-0.00421233130464877,0.00247057373712,0,0.119298492759253,0.123510824063902,0.930727554179567,0.930727554179567,0,0.947583984071251,0.947583984071251,0
PIE,20260619,10,1,3,1000,272,-0.00421233130464877,0.00247057373712,0,0.119298492759253,0.123510824063902,0.930727554179567,0.930727554179567,0,0.947583984071251,0.947583984071251,0
PIE,20260619,10,1.5,3,1000,272,-0.00421233130464877,0.00247057373712,0,0.119298492759253,0.123510824063902,0.930727554179567,0.930727554179567,0,0.947583984071251,0.947583984071251,0
PIE,20260620,3,0,3,1000,272,-0.0150813452968691,0.00518340164817801,0,0.105366012337513,0.120447357634382,0.952399380804954,0.952399380804954,0,0.963283269215802,0.963283269215802,0
PIE,20260620,3,0.5,3,1000,272,-0.0150813452968691,0.00518340164817801,0,0.105366012337513,0.120447357634382,0.952399380804954,0.952399380804954,0,0.963283269215802,0.963283269215802,0
PIE,20260620,3,1,3,1000,272,-0.0150813452968691,0.00518340164817801,0,0.105366012337513,0.120447357634382,0.952399380804954,0.952399380804954,0,0.963283269215802,0.963283269215802,0
PIE,20260620,3,1.5,3,1000,272,-0.0150813452968691,0.00518340164817801,0,0.105366012337513,0.120447357634382,0.952399380804954,0.952399380804954,0,0.963283269215802,0.963283269215802,0
PIE,20260620,5,0,3,1000,272,-0.0119154621913305,0.00343710438318358,0,0.099793360726006,0.111708822917336,0.952399380804954,0.952399380804954,0,0.963283269215802,0.963283269215802,0
PIE,20260620,5,0.5,3,1000,272,-0.0119154621913305,0.00343710438318358,0,0.099793360726006,0.111708822917336,0.952399380804954,0.952399380804954,0,0.963283269215802,0.963283269215802,0
PIE,20260620,5,1,3,1000,272,-0.0119154621913305,0.00343710438318358,0,0.099793360726006,0.111708822917336,0.952399380804954,0.952399380804954,0,0.963283269215802,0.963283269215802,0
PIE,20260620,5,1.5,3,1000,272,-0.0119154621913305,0.00343710438318358,0,0.099793360726006,0.111708822917336,0.952399380804954,0.952399380804954,0,0.963283269215802,0.963283269215802,0
PIE,20260620,10,0,3,1000,272,-0.0127616024195204,0.00448747253150321,0,0.102153168870495,0.114914771290015,0.952399380804954,0.952399380804954,0,0.963283269215802,0.963283269215802,0
PIE,20260620,10,0.5,3,1000,272,-0.0127616024195204,0.00448747253150321,0,0.102153168870495,0.114914771290015,0.952399380804954,0.952399380804954,0,0.963283269215802,0.963283269215802,0
PIE,20260620,10,1,3,1000,272,-0.0127616024195204,0.00448747253150321,0,0.102153168870495,0.114914771290015,0.952399380804954,0.952399380804954,0,0.963283269215802,0.963283269215802,0
PIE,20260620,10,1.5,3,1000,272,-0.0127616024195204,0.00448747253150321,0,0.102153168870495,0.114914771290015,0.952399380804954,0.952399380804954,0,0.963283269215802,0.963283269215802,0
PIE,20260621,3,0,3,1000,272,-0.00533045732922988,0.00568144673286324,0,0.123689204241042,0.129019661570272,0.941176470588235,0.941176470588235,0,0.95471882127824,0.95471882127824,0
PIE,20260621,3,0.5,3,1000,272,-0.00533045732922988,0.00568144673286324,0,0.123689204241042,0.129019661570272,0.941176470588235,0.941176470588235,0,0.95471882127824,0.95471882127824,0
PIE,20260621,3,1,3,1000,272,-0.00533045732922988,0.00568144673286324,0,0.123689204241042,0.129019661570272,0.941176470588235,0.941176470588235,0,0.95471882127824,0.95471882127824,0
PIE,20260621,3,1.5,3,1000,272,-0.00533045732922988,0.00568144673286324,0,0.123689204241042,0.129019661570272,0.941176470588235,0.941176470588235,0,0.95471882127824,0.95471882127824,0
PIE,20260621,5,0,3,1000,272,-0.00355433867327301,0.0031022192126607,0,0.11105191744706,0.114606256120333,0.941176470588235,0.941176470588235,0,0.95471882127824,0.95471882127824,0
PIE,20260621,5,0.5,3,1000,272,-0.00355433867327301,0.0031022192126607,0,0.11105191744706,0.114606256120333,0.941176470588235,0.941176470588235,0,0.95471882127824,0.95471882127824,0
PIE,20260621,5,1,3,1000,272,-0.00355433867327301,0.0031022192126607,0,0.11105191744706,0.114606256120333,0.941176470588235,0.941176470588235,0,0.95471882127824,0.95471882127824,0
PIE,20260621,5,1.5,3,1000,272,-0.00355433867327301,0.0031022192126607,0,0.11105191744706,0.114606256120333,0.941176470588235,0.941176470588235,0,0.95471882127824,0.95471882127824,0
PIE,20260621,10,0,3,1000,272,-0.00352265341687138,0.00476731074914983,0,0.114289327867727,0.117811981284598,0.941176470588235,0.941176470588235,0,0.95471882127824,0.95471882127824,0
PIE,20260621,10,0.5,3,1000,272,-0.00352265341687138,0.00476731074914983,0,0.114289327867727,0.117811981284598,0.941176470588235,0.941176470588235,0,0.95471882127824,0.95471882127824,0
PIE,20260621,10,1,3,1000,272,-0.00352265341687138,0.00476731074914983,0,0.114289327867727,0.117811981284598,0.941176470588235,0.941176470588235,0,0.95471882127824,0.95471882127824,0
PIE,20260621,10,1.5,3,1000,272,-0.00352265341687138,0.00476731074914983,0,0.114289327867727,0.117811981284598,0.941176470588235,0.941176470588235,0,0.95471882127824,0.95471882127824,0
PIE,20260622,3,0,3,1000,272,-0.00701043437291251,0.00403293047404878,0,0.118459084876811,0.125469519249723,0.95046439628483,0.95046439628483,0,0.963290646285099,0.963290646285099,0
PIE,20260622,3,0.5,3,1000,272,-0.00701043437291251,0.00403293047404878,0,0.118459084876811,0.125469519249723,0.95046439628483,0.95046439628483,0,0.963290646285099,0.963290646285099,0
PIE,20260622,3,1,3,1000,272,-0.00701043437291251,0.00403293047404878,0,0.118459084876811,0.125469519249723,0.95046439628483,0.95046439628483,0,0.963290646285099,0.963290646285099,0
PIE,20260622,3,1.5,3,1000,272,-0.00701043437291251,0.00403293047404878,0,0.118459084876811,0.125469519249723,0.95046439628483,0.95046439628483,0,0.963290646285099,0.963290646285099,0
PIE,20260622,5,0,3,1000,272,-0.00141518490141075,0.00329722403121239,0,0.1010989251599,0.102514110061311,0.95046439628483,0.95046439628483,0,0.963290646285099,0.963290646285099,0
PIE,20260622,5,0.5,3,1000,272,-0.00141518490141075,0.00329722403121239,0,0.1010989251599,0.102514110061311,0.95046439628483,0.95046439628483,0,0.963290646285099,0.963290646285099,0
PIE,20260622,5,1,3,1000,272,-0.00141518490141075,0.00329722403121239,0,0.1010989251599,0.102514110061311,0.95046439628483,0.95046439628483,0,0.963290646285099,0.963290646285099,0
PIE,20260622,5,1.5,3,1000,272,-0.00141518490141075,0.00329722403121239,0,0.1010989251599,0.102514110061311,0.95046439628483,0.95046439628483,0,0.963290646285099,0.963290646285099,0
PIE,20260622,10,0,3,1000,272,-0.00159095226308155,0.00357875286522422,0,0.101683684389924,0.103274636653006,0.95046439628483,0.95046439628483,0,0.963290646285099,0.963290646285099,0
PIE,20260622,10,0.5,3,1000,272,-0.00159095226308155,0.00357875286522422,0,0.101683684389924,0.103274636653006,0.95046439628483,0.95046439628483,0,0.963290646285099,0.963290646285099,0
PIE,20260622,10,1,3,1000,272,-0.00159095226308155,0.00357875286522422,0,0.101683684389924,0.103274636653006,0.95046439628483,0.95046439628483,0,0.963290646285099,0.963290646285099,0
PIE,20260622,10,1.5,3,1000,272,-0.00159095226308155,0.00357875286522422,0,0.101683684389924,0.103274636653006,0.95046439628483,0.95046439628483,0,0.963290646285099,0.963290646285099,0
PIE,20260623,3,0,3,1000,272,-0.0054102252959833,0.00439590534196134,0,0.159823507748235,0.165233733044218,0.963235294117647,0.963235294117647,0,0.968562837351835,0.968562837351835,0
PIE,20260623,3,0.5,3,1000,272,-0.0054102252959833,0.00439590534196134,0,0.159823507748235,0.165233733044218,0.963235294117647,0.963235294117647,0,0.968562837351835,0.968562837351835,0
PIE,20260623,3,1,3,1000,272,-0.0054102252959833,0.00439590534196134,0,0.159823507748235,0.165233733044218,0.963235294117647,0.963235294117647,0,0.968562837351835,0.968562837351835,0
PIE,20260623,3,1.5,3,1000,272,-0.0054102252959833,0.00439590534196134,0,0.159823507748235,0.165233733044218,0.963235294117647,0.963235294117647,0,0.968562837351835,0.968562837351835,0
PIE,20260623,5,0,3,1000,272,-0.00378937763610606,0.00400756346577515,0,0.125435583431288,0.129224961067394,0.963235294117647,0.963235294117647,0,0.968562837351835,0.968562837351835,0
PIE,20260623,5,0.5,3,1000,272,-0.00378937763610606,0.00400756346577515,0,0.125435583431288,0.129224961067394,0.963235294117647,0.963235294117647,0,0.968562837351835,0.968562837351835,0
PIE,20260623,5,1,3,1000,272,-0.00378937763610606,0.00400756346577515,0,0.125435583431288,0.129224961067394,0.963235294117647,0.963235294117647,0,0.968562837351835,0.968562837351835,0
PIE,20260623,5,1.5,3,1000,272,-0.00378937763610606,0.00400756346577515,0,0.125435583431288,0.129224961067394,0.963235294117647,0.963235294117647,0,0.968562837351835,0.968562837351835,0
PIE,20260623,10,0,3,1000,272,-0.00273445875725262,0.00413559206635014,0,0.129909890583873,0.132644349341125,0.963235294117647,0.963235294117647,0,0.968562837351835,0.968562837351835,0
PIE,20260623,10,0.5,3,1000,272,-0.00273445875725262,0.00413559206635014,0,0.129909890583873,0.132644349341125,0.963235294117647,0.963235294117647,0,0.968562837351835,0.968562837351835,0
PIE,20260623,10,1,3,1000,272,-0.00273445875725262,0.00413559206635014,0,0.129909890583873,0.132644349341125,0.963235294117647,0.963235294117647,0,0.968562837351835,0.968562837351835,0
PIE,20260623,10,1.5,3,1000,272,-0.00273445875725262,0.00413559206635014,0,0.129909890583873,0.132644349341125,0.963235294117647,0.963235294117647,0,0.968562837351835,0.968562837351835,0
PIE,20260624,3,0,3,1000,272,-0.00534338213800087,0.00222141666109016,0,0.151302766001797,0.156646148139798,0.941950464396285,0.941950464396285,0,0.957958801470528,0.957958801470528,0
PIE,20260624,3,0.5,3,1000,272,-0.00534338213800087,0.00222141666109016,0,0.151302766001797,0.156646148139798,0.941950464396285,0.941950464396285,0,0.957958801470528,0.957958801470528,0
PIE,20260624,3,1,3,1000,272,-0.00534338213800087,0.00222141666109016,0,0.151302766001797,0.156646148139798,0.941950464396285,0.941950464396285,0,0.957958801470528,0.957958801470528,0
PIE,20260624,3,1.5,3,1000,272,-0.00534338213800087,0.00222141666109016,0,0.151302766001797,0.156646148139798,0.941950464396285,0.941950464396285,0,0.957958801470528,0.957958801470528,0
PIE,20260624,5,0,3,1000,272,-0.0036360234106982,0.00378075106663244,0,0.112951270494657,0.116587293905355,0.941950464396285,0.941950464396285,0,0.957958801470528,0.957958801470528,0
PIE,20260624,5,0.5,3,1000,272,-0.0036360234106982,0.00378075106663244,0,0.112951270494657,0.116587293905355,0.941950464396285,0.941950464396285,0,0.957958801470528,0.957958801470528,0
PIE,20260624,5,1,3,1000,272,-0.0036360234106982,0.00378075106663244,0,0.112951270494657,0.116587293905355,0.941950464396285,0.941950464396285,0,0.957958801470528,0.957958801470528,0
PIE,20260624,5,1.5,3,1000,272,-0.0036360234106982,0.00378075106663244,0,0.112951270494657,0.116587293905355,0.941950464396285,0.941950464396285,0,0.957958801470528,0.957958801470528,0
PIE,20260624,10,0,3,1000,272,-0.0039968988158804,0.00354340665670194,0,0.113481396757107,0.117478295572988,0.941950464396285,0.941950464396285,0,0.957958801470528,0.957958801470528,0
PIE,20260624,10,0.5,3,1000,272,-0.0039968988158804,0.00354340665670194,0,0.113481396757107,0.117478295572988,0.941950464396285,0.941950464396285,0,0.957958801470528,0.957958801470528,0
PIE,20260624,10,1,3,1000,272,-0.0039968988158804,0.00354340665670194,0,0.113481396757107,0.117478295572988,0.941950464396285,0.941950464396285,0,0.957958801470528,0.957958801470528,0
PIE,20260624,10,1.5,3,1000,272,-0.0039968988158804,0.00354340665670194,0,0.113481396757107,0.117478295572988,0.941950464396285,0.941950464396285,0,0.957958801470528,0.957958801470528,0
PIE,20260625,3,0,3,1000,272,-0.0029996674879252,0.00147621605135584,0,0.159245009272842,0.162244676760767,0.922987616099071,0.922987616099071,0,0.950683696182868,0.950683696182868,0
PIE,20260625,3,0.5,3,1000,272,-0.0029996674879252,0.00147621605135584,0,0.159245009272842,0.162244676760767,0.922987616099071,0.922987616099071,0,0.950683696182868,0.950683696182868,0
PIE,20260625,3,1,3,1000,272,-0.0029996674879252,0.00147621605135584,0,0.159245009272842,0.162244676760767,0.922987616099071,0.922987616099071,0,0.950683696182868,0.950683696182868,0
PIE,20260625,3,1.5,3,1000,272,-0.0029996674879252,0.00147621605135584,0,0.159245009272842,0.162244676760767,0.922987616099071,0.922987616099071,0,0.950683696182868,0.950683696182868,0
PIE,20260625,5,0,3,1000,272,-0.00465852159303793,0.00485200607904989,0,0.13793900249442,0.142597524087458,0.922987616099071,0.922987616099071,0,0.950683696182868,0.950683696182868,0
PIE,20260625,5,0.5,3,1000,272,-0.00465852159303793,0.00485200607904989,0,0.13793900249442,0.142597524087458,0.922987616099071,0.922987616099071,0,0.950683696182868,0.950683696182868,0
PIE,20260625,5,1,3,1000,272,-0.00465852159303793,0.00485200607904989,0,0.13793900249442,0.142597524087458,0.922987616099071,0.922987616099071,0,0.950683696182868,0.950683696182868,0
PIE,20260625,5,1.5,3,1000,272,-0.00465852159303793,0.00485200607904989,0,0.13793900249442,0.142597524087458,0.922987616099071,0.922987616099071,0,0.950683696182868,0.950683696182868,0
PIE,20260625,10,0,3,1000,272,-0.00416184537895238,0.00302620121153797,0,0.143544697246592,0.147706542625544,0.922987616099071,0.922987616099071,0,0.950683696182868,0.950683696182868,0
PIE,20260625,10,0.5,3,1000,272,-0.00416184537895238,0.00302620121153797,0,0.143544697246592,0.147706542625544,0.922987616099071,0.922987616099071,0,0.950683696182868,0.950683696182868,0
PIE,20260625,10,1,3,1000,272,-0.00416184537895238,0.00302620121153797,0,0.143544697246592,0.147706542625544,0.922987616099071,0.922987616099071,0,0.950683696182868,0.950683696182868,0
PIE,20260625,10,1.5,3,1000,272,-0.00416184537895238,0.00302620121153797,0,0.143544697246592,0.147706542625544,0.922987616099071,0.922987616099071,0,0.950683696182868,0.950683696182868,0
PIE,20260626,3,0,3,1000,272,-0.00871299724851086,0.00230644760199552,0,0.172148717343778,0.180861714592289,0.937693498452012,0.937693498452012,0,0.953329106833579,0.953329106833579,0
PIE,20260626,3,0.5,3,1000,272,-0.00871299724851086,0.00230644760199552,0,0.172148717343778,0.180861714592289,0.937693498452012,0.937693498452012,0,0.953329106833579,0.953329106833579,0
PIE,20260626,3,1,3,1000,272,-0.00871299724851086,0.00230644760199552,0,0.172148717343778,0.180861714592289,0.937693498452012,0.937693498452012,0,0.953329106833579,0.953329106833579,0
PIE,20260626,3,1.5,3,1000,272,-0.00871299724851086,0.00230644760199552,0,0.172148717343778,0.180861714592289,0.937693498452012,0.937693498452012,0,0.953329106833579,0.953329106833579,0
PIE,20260626,5,0,3,1000,272,-0.00825568927030981,0.00484728112496486,0,0.135957956767729,0.144213646038039,0.937693498452012,0.937693498452012,0,0.953329106833579,0.953329106833579,0
PIE,20260626,5,0.5,3,1000,272,-0.00825568927030981,0.00484728112496486,0,0.135957956767729,0.144213646038039,0.937693498452012,0.937693498452012,0,0.953329106833579,0.953329106833579,0
PIE,20260626,5,1,3,1000,272,-0.00825568927030981,0.00484728112496486,0,0.135957956767729,0.144213646038039,0.937693498452012,0.937693498452012,0,0.953329106833579,0.953329106833579,0
PIE,20260626,5,1.5,3,1000,272,-0.00825568927030981,0.00484728112496486,0,0.135957956767729,0.144213646038039,0.937693498452012,0.937693498452012,0,0.953329106833579,0.953329106833579,0
PIE,20260626,10,0,3,1000,272,-0.00738077091840375,0.00431689688850919,0,0.139708064427216,0.147088835345619,0.937693498452012,0.937693498452012,0,0.953329106833579,0.953329106833579,0
PIE,20260626,10,0.5,3,1000,272,-0.00738077091840375,0.00431689688850919,0,0.139708064427216,0.147088835345619,0.937693498452012,0.937693498452012,0,0.953329106833579,0.953329106833579,0
PIE,20260626,10,1,3,1000,272,-0.00738077091840375,0.00431689688850919,0,0.139708064427216,0.147088835345619,0.937693498452012,0.937693498452012,0,0.953329106833579,0.953329106833579,0
PIE,20260626,10,1.5,3,1000,272,-0.00738077091840375,0.00431689688850919,0,0.139708064427216,0.147088835345619,0.937693498452012,0.937693498452012,0,0.953329106833579,0.953329106833579,0
PIE,20260627,3,0,3,1000,272,-0.00120362234586321,0.0020592451171708,0,0.159567929171509,0.160771551517372,0.937306501547988,0.937306501547988,0,0.954235578201673,0.954235578201673,0
PIE,20260627,3,0.5,3,1000,272,-0.00120362234586321,0.0020592451171708,0,0.159567929171509,0.160771551517372,0.937306501547988,0.937306501547988,0,0.954235578201673,0.954235578201673,0
PIE,20260627,3,1,3,1000,272,-0.00120362234586321,0.0020592451171708,0,0.159567929171509,0.160771551517372,0.937306501547988,0.937306501547988,0,0.954235578201673,0.954235578201673,0
PIE,20260627,3,1.5,3,1000,272,-0.00120362234586321,0.0020592451171708,0,0.159567929171509,0.160771551517372,0.937306501547988,0.937306501547988,0,0.954235578201673,0.954235578201673,0
PIE,20260627,5,0,3,1000,272,-0.000496825276227508,0.00329020590520797,0,0.140337816454793,0.14083464173102,0.937306501547988,0.937306501547988,0,0.954235578201673,0.954235578201673,0
PIE,20260627,5,0.5,3,1000,272,-0.000496825276227508,0.00329020590520797,0,0.140337816454793,0.14083464173102,0.937306501547988,0.937306501547988,0,0.954235578201673,0.954235578201673,0
PIE,20260627,5,1,3,1000,272,-0.000496825276227508,0.00329020590520797,0,0.140337816454793,0.14083464173102,0.937306501547988,0.937306501547988,0,0.954235578201673,0.954235578201673,0
PIE,20260627,5,1.5,3,1000,272,-0.000496825276227508,0.00329020590520797,0,0.140337816454793,0.14083464173102,0.937306501547988,0.937306501547988,0,0.954235578201673,0.954235578201673,0
PIE,20260627,10,0,3,1000,272,-0.000524091122397059,0.00448968411547001,0,0.140627127907749,0.141151219030146,0.937306501547988,0.937306501547988,0,0.954235578201673,0.954235578201673,0
PIE,20260627,10,0.5,3,1000,272,-0.000524091122397059,0.00448968411547001,0,0.140627127907749,0.141151219030146,0.937306501547988,0.937306501547988,0,0.954235578201673,0.954235578201673,0
PIE,20260627,10,1,3,1000,272,-0.000524091122397059,0.00448968411547001,0,0.140627127907749,0.141151219030146,0.937306501547988,0.937306501547988,0,0.954235578201673,0.954235578201673,0
PIE,20260627,10,1.5,3,1000,272,-0.000524091122397059,0.00448968411547001,0,0.140627127907749,0.141151219030146,0.937306501547988,0.937306501547988,0,0.954235578201673,0.954235578201673,0
PIE,20260628,3,0,3,1000,272,-0.0103505268739086,0.00168017671643443,0,0.194862616447144,0.205213143321053,0.952012383900929,0.952012383900929,0,0.962549263432486,0.962549263432486,0
PIE,20260628,3,0.5,3,1000,272,-0.0103505268739086,0.00168017671643443,0,0.194862616447144,0.205213143321053,0.952012383900929,0.952012383900929,0,0.962549263432486,0.962549263432486,0
PIE,20260628,3,1,3,1000,272,-0.0103505268739086,0.00168017671643443,0,0.194862616447144,0.205213143321053,0.952012383900929,0.952012383900929,0,0.962549263432486,0.962549263432486,0
PIE,20260628,3,1.5,3,1000,272,-0.0103505268739086,0.00168017671643443,0,0.194862616447144,0.205213143321053,0.952012383900929,0.952012383900929,0,0.962549263432486,0.962549263432486,0
PIE,20260628,5,0,3,1000,272,-0.00588238489760227,0.00426275173579821,0,0.143542867205253,0.149425252102855,0.952012383900929,0.952012383900929,0,0.962549263432486,0.962549263432486,0
PIE,20260628,5,0.5,3,1000,272,-0.00588238489760227,0.00426275173579821,0,0.143542867205253,0.149425252102855,0.952012383900929,0.952012383900929,0,0.962549263432486,0.962549263432486,0
PIE,20260628,5,1,3,1000,272,-0.00588238489760227,0.00426275173579821,0,0.143542867205253,0.149425252102855,0.952012383900929,0.952012383900929,0,0.962549263432486,0.962549263432486,0
PIE,20260628,5,1.5,3,1000,272,-0.00588238489760227,0.00426275173579821,0,0.143542867205253,0.149425252102855,0.952012383900929,0.952012383900929,0,0.962549263432486,0.962549263432486,0
PIE,20260628,10,0,3,1000,272,-0.00649178691026953,0.00510529346711169,0,0.146227747115105,0.152719534025375,0.952012383900929,0.952012383900929,0,0.962549263432486,0.962549263432486,0
PIE,20260628,10,0.5,3,1000,272,-0.00649178691026953,0.00510529346711169,0,0.146227747115105,0.152719534025375,0.952012383900929,0.952012383900929,0,0.962549263432486,0.962549263432486,0
PIE,20260628,10,1,3,1000,272,-0.00649178691026953,0.00510529346711169,0,0.146227747115105,0.152719534025375,0.952012383900929,0.952012383900929,0,0.962549263432486,0.962549263432486,0
PIE,20260628,10,1.5,3,1000,272,-0.00649178691026953,0.00510529346711169,0,0.146227747115105,0.152719534025375,0.952012383900929,0.952012383900929,0,0.962549263432486,0.962549263432486,0
PIE,20260629,3,0,3,1000,272,-0.00752611154085794,0.00143545233879488,0,0.115285435046798,0.122811546587656,0.938467492260062,0.938467492260062,0,0.952568219219811,0.952568219219811,0
PIE,20260629,3,0.5,3,1000,272,-0.00752611154085794,0.00143545233879488,0,0.115285435046798,0.122811546587656,0.938467492260062,0.938467492260062,0,0.952568219219811,0.952568219219811,0
PIE,20260629,3,1,3,1000,272,-0.00752611154085794,0.00143545233879488,0,0.115285435046798,0.122811546587656,0.938467492260062,0.938467492260062,0,0.952568219219811,0.952568219219811,0
PIE,20260629,3,1.5,3,1000,272,-0.00752611154085794,0.00143545233879488,0,0.115285435046798,0.122811546587656,0.938467492260062,0.938467492260062,0,0.952568219219811,0.952568219219811,0
PIE,20260629,5,0,3,1000,272,-0.00561272685317951,0.00184229253431445,0,0.0929199439238116,0.0985326707769912,0.938467492260062,0.938467492260062,0,0.952568219219811,0.952568219219811,0
PIE,20260629,5,0.5,3,1000,272,-0.00561272685317951,0.00184229253431445,0,0.0929199439238116,0.0985326707769912,0.938467492260062,0.938467492260062,0,0.952568219219811,0.952568219219811,0
PIE,20260629,5,1,3,1000,272,-0.00561272685317951,0.00184229253431445,0,0.0929199439238116,0.0985326707769912,0.938467492260062,0.938467492260062,0,0.952568219219811,0.952568219219811,0
PIE,20260629,5,1.5,3,1000,272,-0.00561272685317951,0.00184229253431445,0,0.0929199439238116,0.0985326707769912,0.938467492260062,0.938467492260062,0,0.952568219219811,0.952568219219811,0
PIE,20260629,10,0,3,1000,272,-0.00540661139913084,0.00212891889053205,0,0.0943269108321457,0.0997335222312765,0.938467492260062,0.938467492260062,0,0.952568219219811,0.952568219219811,0
PIE,20260629,10,0.5,3,1000,272,-0.00540661139913084,0.00212891889053205,0,0.0943269108321457,0.0997335222312765,0.938467492260062,0.938467492260062,0,0.952568219219811,0.952568219219811,0
PIE,20260629,10,1,3,1000,272,-0.00540661139913084,0.00212891889053205,0,0.0943269108321457,0.0997335222312765,0.938467492260062,0.938467492260062,0,0.952568219219811,0.952568219219811,0
PIE,20260629,10,1.5,3,1000,272,-0.00540661139913084,0.00212891889053205,0,0.0943269108321457,0.0997335222312765,0.938467492260062,0.938467492260062,0,0.952568219219811,0.952568219219811,0
PIE,20260630,3,0,3,1000,272,-0.00493960346474104,0.00166275150777988,0,0.144060556622,0.149000160086741,0.948142414860681,0.948142414860681,0,0.960442146753517,0.960442146753517,0
PIE,20260630,3,0.5,3,1000,272,-0.00493960346474104,0.00166275150777988,0,0.144060556622,0.149000160086741,0.948142414860681,0.948142414860681,0,0.960442146753517,0.960442146753517,0
PIE,20260630,3,1,3,1000,272,-0.00493960346474104,0.00166275150777988,0,0.144060556622,0.149000160086741,0.948142414860681,0.948142414860681,0,0.960442146753517,0.960442146753517,0
PIE,20260630,3,1.5,3,1000,272,-0.00493960346474104,0.00166275150777988,0,0.144060556622,0.149000160086741,0.948142414860681,0.948142414860681,0,0.960442146753517,0.960442146753517,0
PIE,20260630,5,0,3,1000,272,-0.00188655416143834,0.00114958078123885,0,0.108954107229056,0.110840661390494,0.948142414860681,0.948142414860681,0,0.960442146753517,0.960442146753517,0
PIE,20260630,5,0.5,3,1000,272,-0.00188655416143834,0.00114958078123885,0,0.108954107229056,0.110840661390494,0.948142414860681,0.948142414860681,0,0.960442146753517,0.960442146753517,0
PIE,20260630,5,1,3,1000,272,-0.00188655416143834,0.00114958078123885,0,0.108954107229056,0.110840661390494,0.948142414860681,0.948142414860681,0,0.960442146753517,0.960442146753517,0
PIE,20260630,5,1.5,3,1000,272,-0.00188655416143834,0.00114958078123885,0,0.108954107229056,0.110840661390494,0.948142414860681,0.948142414860681,0,0.960442146753517,0.960442146753517,0
PIE,20260630,10,0,3,1000,272,-0.00218831526487354,0.00179990178791608,0,0.110719289339668,0.112907604604542,0.948142414860681,0.948142414860681,0,0.960442146753517,0.960442146753517,0
PIE,20260630,10,0.5,3,1000,272,-0.00218831526487354,0.00179990178791608,0,0.110719289339668,0.112907604604542,0.948142414860681,0.948142414860681,0,0.960442146753517,0.960442146753517,0
PIE,20260630,10,1,3,1000,272,-0.00218831526487354,0.00179990178791608,0,0.110719289339668,0.112907604604542,0.948142414860681,0.948142414860681,0,0.960442146753517,0.960442146753517,0
PIE,20260630,10,1.5,3,1000,272,-0.00218831526487354,0.00179990178791608,0,0.110719289339668,0.112907604604542,0.948142414860681,0.948142414860681,0,0.960442146753517,0.960442146753517,0
PIE,20260631,3,0,3,1000,272,-0.00475592852680233,0.00407820281722667,0,0.163290207856607,0.16804613638341,0.941176470588235,0.941176470588235,0,0.958326386122757,0.958326386122757,0
PIE,20260631,3,0.5,3,1000,272,-0.00475592852680233,0.00407820281722667,0,0.163290207856607,0.16804613638341,0.941176470588235,0.941176470588235,0,0.958326386122757,0.958326386122757,0
PIE,20260631,3,1,3,1000,272,-0.00475592852680233,0.00407820281722667,0,0.163290207856607,0.16804613638341,0.941176470588235,0.941176470588235,0,0.958326386122757,0.958326386122757,0
PIE,20260631,3,1.5,3,1000,272,-0.00475592852680233,0.00407820281722667,0,0.163290207856607,0.16804613638341,0.941176470588235,0.941176470588235,0,0.958326386122757,0.958326386122757,0
PIE,20260631,5,0,3,1000,272,-0.00259310560654847,0.00168659341629264,0,0.131152851357247,0.133745956963795,0.941176470588235,0.941176470588235,0,0.958326386122757,0.958326386122757,0
PIE,20260631,5,0.5,3,1000,272,-0.00259310560654847,0.00168659341629264,0,0.131152851357247,0.133745956963795,0.941176470588235,0.941176470588235,0,0.958326386122757,0.958326386122757,0
PIE,20260631,5,1,3,1000,272,-0.00259310560654847,0.00168659341629264,0,0.131152851357247,0.133745956963795,0.941176470588235,0.941176470588235,0,0.958326386122757,0.958326386122757,0
PIE,20260631,5,1.5,3,1000,272,-0.00259310560654847,0.00168659341629264,0,0.131152851357247,0.133745956963795,0.941176470588235,0.941176470588235,0,0.958326386122757,0.958326386122757,0
PIE,20260631,10,0,3,1000,272,-0.00373061420585479,0.0036710710615146,0,0.135356490807943,0.139087105013797,0.941176470588235,0.941176470588235,0,0.958326386122757,0.958326386122757,0
PIE,20260631,10,0.5,3,1000,272,-0.00373061420585479,0.0036710710615146,0,0.135356490807943,0.139087105013797,0.941176470588235,0.941176470588235,0,0.958326386122757,0.958326386122757,0
PIE,20260631,10,1,3,1000,272,-0.00373061420585479,0.0036710710615146,0,0.135356490807943,0.139087105013797,0.941176470588235,0.941176470588235,0,0.958326386122757,0.958326386122757,0
PIE,20260631,10,1.5,3,1000,272,-0.00373061420585479,0.0036710710615146,0,0.135356490807943,0.139087105013797,0.941176470588235,0.941176470588235,0,0.958326386122757,0.958326386122757,0
PIE,20260632,3,0,3,1000,272,-0.00696817666811025,0.00504847368575216,0,0.143962162614564,0.150930339282675,0.939628482972136,0.939628482972136,0,0.953474341545985,0.953474341545985,0
PIE,20260632,3,0.5,3,1000,272,-0.00696817666811025,0.00504847368575216,0,0.143962162614564,0.150930339282675,0.939628482972136,0.939628482972136,0,0.953474341545985,0.953474341545985,0
PIE,20260632,3,1,3,1000,272,-0.00696817666811025,0.00504847368575216,0,0.143962162614564,0.150930339282675,0.939628482972136,0.939628482972136,0,0.953474341545985,0.953474341545985,0
PIE,20260632,3,1.5,3,1000,272,-0.00696817666811025,0.00504847368575216,0,0.143962162614564,0.150930339282675,0.939628482972136,0.939628482972136,0,0.953474341545985,0.953474341545985,0
PIE,20260632,5,0,3,1000,272,-0.002270594530075,0.00303541618600793,0,0.103781802537917,0.106052397067992,0.939628482972136,0.939628482972136,0,0.953474341545985,0.953474341545985,0
PIE,20260632,5,0.5,3,1000,272,-0.002270594530075,0.00303541618600793,0,0.103781802537917,0.106052397067992,0.939628482972136,0.939628482972136,0,0.953474341545985,0.953474341545985,0
PIE,20260632,5,1,3,1000,272,-0.002270594530075,0.00303541618600793,0,0.103781802537917,0.106052397067992,0.939628482972136,0.939628482972136,0,0.953474341545985,0.953474341545985,0
PIE,20260632,5,1.5,3,1000,272,-0.002270594530075,0.00303541618600793,0,0.103781802537917,0.106052397067992,0.939628482972136,0.939628482972136,0,0.953474341545985,0.953474341545985,0
PIE,20260632,10,0,3,1000,272,-0.00365960061354101,0.00512097668150639,0,0.107598387000011,0.111257987613552,0.939628482972136,0.939628482972136,0,0.953474341545985,0.953474341545985,0
PIE,20260632,10,0.5,3,1000,272,-0.00365960061354101,0.00512097668150639,0,0.107598387000011,0.111257987613552,0.939628482972136,0.939628482972136,0,0.953474341545985,0.953474341545985,0
PIE,20260632,10,1,3,1000,272,-0.00365960061354101,0.00512097668150639,0,0.107598387000011,0.111257987613552,0.939628482972136,0.939628482972136,0,0.953474341545985,0.953474341545985,0
PIE,20260632,10,1.5,3,1000,272,-0.00365960061354101,0.00512097668150639,0,0.107598387000011,0.111257987613552,0.939628482972136,0.939628482972136,0,0.953474341545985,0.953474341545985,0
PIE,20260633,3,0,3,1000,272,-0.00289373373032576,0.000793303667183074,0,0.126420741844882,0.129314475575207,0.923761609907121,0.923761609907121,0,0.946365833519597,0.946365833519597,0
PIE,20260633,3,0.5,3,1000,272,-0.00289373373032576,0.000793303667183074,0,0.126420741844882,0.129314475575207,0.923761609907121,0.923761609907121,0,0.946365833519597,0.946365833519597,0
PIE,20260633,3,1,3,1000,272,-0.00289373373032576,0.000793303667183074,0,0.126420741844882,0.129314475575207,0.923761609907121,0.923761609907121,0,0.946365833519597,0.946365833519597,0
PIE,20260633,3,1.5,3,1000,272,-0.00289373373032576,0.000793303667183074,0,0.126420741844882,0.129314475575207,0.923761609907121,0.923761609907121,0,0.946365833519597,0.946365833519597,0
PIE,20260633,5,0,3,1000,272,-0.00152894350847673,0.0020258855270557,0,0.117659474802551,0.119188418311028,0.923761609907121,0.923761609907121,0,0.946365833519597,0.946365833519597,0
PIE,20260633,5,0.5,3,1000,272,-0.00152894350847673,0.0020258855270557,0,0.117659474802551,0.119188418311028,0.923761609907121,0.923761609907121,0,0.946365833519597,0.946365833519597,0
PIE,20260633,5,1,3,1000,272,-0.00152894350847673,0.0020258855270557,0,0.117659474802551,0.119188418311028,0.923761609907121,0.923761609907121,0,0.946365833519597,0.946365833519597,0
PIE,20260633,5,1.5,3,1000,272,-0.00152894350847673,0.0020258855270557,0,0.117659474802551,0.119188418311028,0.923761609907121,0.923761609907121,0,0.946365833519597,0.946365833519597,0
PIE,20260633,10,0,3,1000,272,-0.00144945395179781,0.00298791546863742,0,0.123679614087794,0.125129068039592,0.923761609907121,0.923761609907121,0,0.946365833519597,0.946365833519597,0
PIE,20260633,10,0.5,3,1000,272,-0.00144945395179781,0.00298791546863742,0,0.123679614087794,0.125129068039592,0.923761609907121,0.923761609907121,0,0.946365833519597,0.946365833519597,0
PIE,20260633,10,1,3,1000,272,-0.00144945395179781,0.00298791546863742,0,0.123679614087794,0.125129068039592,0.923761609907121,0.923761609907121,0,0.946365833519597,0.946365833519597,0
PIE,20260633,10,1.5,3,1000,272,-0.00144945395179781,0.00298791546863742,0,0.123679614087794,0.125129068039592,0.923761609907121,0.923761609907121,0,0.946365833519597,0.946365833519597,0
PIE,20260634,3,0,3,1000,272,-0.00673756274772799,0.00504969645768883,0,0.162472638561885,0.169210201309613,0.904024767801858,0.904024767801858,0,0.935383684616426,0.935383684616426,0
PIE,20260634,3,0.5,3,1000,272,-0.00673756274772799,0.00504969645768883,0,0.162472638561885,0.169210201309613,0.904024767801858,0.904024767801858,0,0.935383684616426,0.935383684616426,0
PIE,20260634,3,1,3,1000,272,-0.00673756274772799,0.00504969645768883,0,0.162472638561885,0.169210201309613,0.904024767801858,0.904024767801858,0,0.935383684616426,0.935383684616426,0
PIE,20260634,3,1.5,3,1000,272,-0.00673756274772799,0.00504969645768883,0,0.162472638561885,0.169210201309613,0.904024767801858,0.904024767801858,0,0.935383684616426,0.935383684616426,0
PIE,20260634,5,0,3,1000,272,-0.00572433892432518,0.00327075689168666,0,0.122804311491911,0.128528650416236,0.904024767801858,0.904024767801858,0,0.935383684616426,0.935383684616426,0
PIE,20260634,5,0.5,3,1000,272,-0.00572433892432518,0.00327075689168666,0,0.122804311491911,0.128528650416236,0.904024767801858,0.904024767801858,0,0.935383684616426,0.935383684616426,0
PIE,20260634,5,1,3,1000,272,-0.00572433892432518,0.00327075689168666,0,0.122804311491911,0.128528650416236,0.904024767801858,0.904024767801858,0,0.935383684616426,0.935383684616426,0
PIE,20260634,5,1.5,3,1000,272,-0.00572433892432518,0.00327075689168666,0,0.122804311491911,0.128528650416236,0.904024767801858,0.904024767801858,0,0.935383684616426,0.935383684616426,0
PIE,20260634,10,0,3,1000,272,-0.00421335046950912,0.00392947979992417,0,0.127487685119018,0.131701035588527,0.904024767801858,0.904024767801858,0,0.935383684616426,0.935383684616426,0
PIE,20260634,10,0.5,3,1000,272,-0.00421335046950912,0.00392947979992417,0,0.127487685119018,0.131701035588527,0.904024767801858,0.904024767801858,0,0.935383684616426,0.935383684616426,0
PIE,20260634,10,1,3,1000,272,-0.00421335046950912,0.00392947979992417,0,0.127487685119018,0.131701035588527,0.904024767801858,0.904024767801858,0,0.935383684616426,0.935383684616426,0
PIE,20260634,10,1.5,3,1000,272,-0.00421335046950912,0.00392947979992417,0,0.127487685119018,0.131701035588527,0.904024767801858,0.904024767801858,0,0.935383684616426,0.935383684616426,0
PIE,20260635,3,0,3,1000,272,-0.00826858298836163,0.00362280187777652,0,0.128664735932234,0.136933318920595,0.941176470588235,0.941176470588235,0,0.956516789443881,0.956516789443881,0
PIE,20260635,3,0.5,3,1000,272,-0.00826858298836163,0.00362280187777652,0,0.128664735932234,0.136933318920595,0.941176470588235,0.941176470588235,0,0.956516789443881,0.956516789443881,0
PIE,20260635,3,1,3,1000,272,-0.00826858298836163,0.00362280187777652,0,0.128664735932234,0.136933318920595,0.941176470588235,0.941176470588235,0,0.956516789443881,0.956516789443881,0
PIE,20260635,3,1.5,3,1000,272,-0.00826858298836163,0.00362280187777652,0,0.128664735932234,0.136933318920595,0.941176470588235,0.941176470588235,0,0.956516789443881,0.956516789443881,0
PIE,20260635,5,0,3,1000,272,-0.00734559388730762,0.00245212724861865,0,0.117697915787042,0.125043509674349,0.941176470588235,0.941176470588235,0,0.956516789443881,0.956516789443881,0
PIE,20260635,5,0.5,3,1000,272,-0.00734559388730762,0.00245212724861865,0,0.117697915787042,0.125043509674349,0.941176470588235,0.941176470588235,0,0.956516789443881,0.956516789443881,0
PIE,20260635,5,1,3,1000,272,-0.00734559388730762,0.00245212724861865,0,0.117697915787042,0.125043509674349,0.941176470588235,0.941176470588235,0,0.956516789443881,0.956516789443881,0
PIE,20260635,5,1.5,3,1000,272,-0.00734559388730762,0.00245212724861865,0,0.117697915787042,0.125043509674349,0.941176470588235,0.941176470588235,0,0.956516789443881,0.956516789443881,0
PIE,20260635,10,0,3,1000,272,-0.00732500235487423,0.00335162543539924,0,0.118608582571946,0.12593358492682,0.941176470588235,0.941176470588235,0,0.956516789443881,0.956516789443881,0
PIE,20260635,10,0.5,3,1000,272,-0.00732500235487423,0.00335162543539924,0,0.118608582571946,0.12593358492682,0.941176470588235,0.941176470588235,0,0.956516789443881,0.956516789443881,0
PIE,20260635,10,1,3,1000,272,-0.00732500235487423,0.00335162543539924,0,0.118608582571946,0.12593358492682,0.941176470588235,0.941176470588235,0,0.956516789443881,0.956516789443881,0
PIE,20260635,10,1.5,3,1000,272,-0.00732500235487423,0.00335162543539924,0,0.118608582571946,0.12593358492682,0.941176470588235,0.941176470588235,0,0.956516789443881,0.956516789443881,0
PIE,20260636,3,0,3,1000,272,-0.00949636709320366,0.00678679356153058,0,0.175778322441414,0.185274689534617,0.923374613003096,0.923374613003096,0,0.946899221304107,0.946899221304107,0
PIE,20260636,3,0.5,3,1000,272,-0.00949636709320366,0.00678679356153058,0,0.175778322441414,0.185274689534617,0.923374613003096,0.923374613003096,0,0.946899221304107,0.946899221304107,0
PIE,20260636,3,1,3,1000,272,-0.00949636709320366,0.00678679356153058,0,0.175778322441414,0.185274689534617,0.923374613003096,0.923374613003096,0,0.946899221304107,0.946899221304107,0
PIE,20260636,3,1.5,3,1000,272,-0.00949636709320366,0.00678679356153058,0,0.175778322441414,0.185274689534617,0.923374613003096,0.923374613003096,0,0.946899221304107,0.946899221304107,0
PIE,20260636,5,0,3,1000,272,-0.000714449366428432,0.0041014758838386,0,0.137563790403551,0.138278239769979,0.923374613003096,0.923374613003096,0,0.946899221304107,0.946899221304107,0
PIE,20260636,5,0.5,3,1000,272,-0.000714449366428432,0.0041014758838386,0,0.137563790403551,0.138278239769979,0.923374613003096,0.923374613003096,0,0.946899221304107,0.946899221304107,0
PIE,20260636,5,1,3,1000,272,-0.000714449366428432,0.0041014758838386,0,0.137563790403551,0.138278239769979,0.923374613003096,0.923374613003096,0,0.946899221304107,0.946899221304107,0
PIE,20260636,5,1.5,3,1000,272,-0.000714449366428432,0.0041014758838386,0,0.137563790403551,0.138278239769979,0.923374613003096,0.923374613003096,0,0.946899221304107,0.946899221304107,0
PIE,20260636,10,0,3,1000,272,-0.000927480752666181,0.00335556502702185,0,0.137978831279996,0.138906312032662,0.923374613003096,0.923374613003096,0,0.946899221304107,0.946899221304107,0
PIE,20260636,10,0.5,3,1000,272,-0.000927480752666181,0.00335556502702185,0,0.137978831279996,0.138906312032662,0.923374613003096,0.923374613003096,0,0.946899221304107,0.946899221304107,0
PIE,20260636,10,1,3,1000,272,-0.000927480752666181,0.00335556502702185,0,0.137978831279996,0.138906312032662,0.923374613003096,0.923374613003096,0,0.946899221304107,0.946899221304107,0
PIE,20260636,10,1.5,3,1000,272,-0.000927480752666181,0.00335556502702185,0,0.137978831279996,0.138906312032662,0.923374613003096,0.923374613003096,0,0.946899221304107,0.946899221304107,0
YaleB,20260617,3,0,2,1000,227,-0.0350901682441275,0.00647057574673906,0,0.411062321850206,0.446152490094333,0.714220393232739,0.714220393232739,0,0.724036516616512,0.724036516616512,0
YaleB,20260617,3,0.5,2,1000,227,-0.0350901682441275,0.00647057574673906,0,0.411062321850206,0.446152490094333,0.714220393232739,0.714220393232739,0,0.724036516616512,0.724036516616512,0
YaleB,20260617,3,1,2,1000,227,-0.0350901682441275,0.00647057574673906,0,0.411062321850206,0.446152490094333,0.714220393232739,0.714220393232739,0,0.724036516616512,0.724036516616512,0
YaleB,20260617,3,1.5,2,1000,227,-0.0350901682441275,0.00647057574673906,0,0.411062321850206,0.446152490094333,0.714220393232739,0.714220393232739,0,0.724036516616512,0.724036516616512,0
YaleB,20260617,5,0,2,1000,227,-0.0250162631934364,0.00842588530846352,0,0.404859890142357,0.429876153335793,0.714220393232739,0.714220393232739,0,0.724036516616512,0.724036516616512,0
YaleB,20260617,5,0.5,2,1000,227,-0.0250162631934364,0.00842588530846352,0,0.404859890142357,0.429876153335793,0.714220393232739,0.714220393232739,0,0.724036516616512,0.724036516616512,0
YaleB,20260617,5,1,2,1000,227,-0.0250162631934364,0.00842588530846352,0,0.404859890142357,0.429876153335793,0.714220393232739,0.714220393232739,0,0.724036516616512,0.724036516616512,0
YaleB,20260617,5,1.5,2,1000,227,-0.0250162631934364,0.00842588530846352,0,0.404859890142357,0.429876153335793,0.714220393232739,0.714220393232739,0,0.724036516616512,0.724036516616512,0
YaleB,20260617,10,0,2,1000,227,-0.0273306108253285,0.0121856594345641,0,0.398214581773036,0.425545192598365,0.714220393232739,0.714220393232739,0,0.724036516616512,0.724036516616512,0
YaleB,20260617,10,0.5,2,1000,227,-0.0273306108253285,0.0121856594345641,0,0.398214581773036,0.425545192598365,0.714220393232739,0.714220393232739,0,0.724036516616512,0.724036516616512,0
YaleB,20260617,10,1,2,1000,227,-0.0273306108253285,0.0121856594345641,0,0.398214581773036,0.425545192598365,0.714220393232739,0.714220393232739,0,0.724036516616512,0.724036516616512,0
YaleB,20260617,10,1.5,2,1000,227,-0.0273306108253285,0.0121856594345641,0,0.398214581773036,0.425545192598365,0.714220393232739,0.714220393232739,0,0.724036516616512,0.724036516616512,0
YaleB,20260618,3,0,2,1000,227,-0.0126650472530455,0.00392365961488654,0,0.394542052136309,0.407207099389355,0.731595793324188,0.731595793324188,0,0.724586170249077,0.724586170249077,0
YaleB,20260618,3,0.5,2,1000,227,-0.0126650472530455,0.00392365961488654,0,0.394542052136309,0.407207099389355,0.731595793324188,0.731595793324188,0,0.724586170249077,0.724586170249077,0
YaleB,20260618,3,1,2,1000,227,-0.0126650472530455,0.00392365961488654,0,0.394542052136309,0.407207099389355,0.731595793324188,0.731595793324188,0,0.724586170249077,0.724586170249077,0
YaleB,20260618,3,1.5,2,1000,227,-0.0126650472530455,0.00392365961488654,0,0.394542052136309,0.407207099389355,0.731595793324188,0.731595793324188,0,0.724586170249077,0.724586170249077,0
YaleB,20260618,5,0,2,1000,227,-0.0181841164503191,0.012657079189903,0,0.40005458652718,0.418238702977499,0.731595793324188,0.731595793324188,0,0.724586170249077,0.724586170249077,0
YaleB,20260618,5,0.5,2,1000,227,-0.0181841164503191,0.012657079189903,0,0.40005458652718,0.418238702977499,0.731595793324188,0.731595793324188,0,0.724586170249077,0.724586170249077,0
YaleB,20260618,5,1,2,1000,227,-0.0181841164503191,0.012657079189903,0,0.40005458652718,0.418238702977499,0.731595793324188,0.731595793324188,0,0.724586170249077,0.724586170249077,0
YaleB,20260618,5,1.5,2,1000,227,-0.0181841164503191,0.012657079189903,0,0.40005458652718,0.418238702977499,0.731595793324188,0.731595793324188,0,0.724586170249077,0.724586170249077,0
YaleB,20260618,10,0,2,1000,227,-0.0106488984409563,0.00918847614173689,0,0.386215829011403,0.39686472745236,0.731595793324188,0.731595793324188,0,0.724586170249077,0.724586170249077,0
YaleB,20260618,10,0.5,2,1000,227,-0.0106488984409563,0.00918847614173689,0,0.386215829011403,0.39686472745236,0.731595793324188,0.731595793324188,0,0.724586170249077,0.724586170249077,0
YaleB,20260618,10,1,2,1000,227,-0.0106488984409563,0.00918847614173689,0,0.386215829011403,0.39686472745236,0.731595793324188,0.731595793324188,0,0.724586170249077,0.724586170249077,0
YaleB,20260618,10,1.5,2,1000,227,-0.0106488984409563,0.00918847614173689,0,0.386215829011403,0.39686472745236,0.731595793324188,0.731595793324188,0,0.724586170249077,0.724586170249077,0
YaleB,20260619,3,0,2,1000,227,0.0203748275699468,0.00794662519841284,1,0.425472426933368,0.405097599363422,0.724279835390947,0.668495656149977,-0.0557841792409693,0.738096777402999,0.694461539858585,-0.0436352375444142
YaleB,20260619,3,0.5,2,1000,227,0.0203748275699468,0.00794662519841284,0.804989142334283,0.425472426933368,0.405097599363422,0.724279835390947,0.699588477366255,-0.0246913580246914,0.738096777402999,0.713700678213288,-0.0243960991897111
YaleB,20260619,3,1,2,1000,227,0.0203748275699468,0.00794662519841284,0.609978284668566,0.425472426933368,0.405097599363422,0.724279835390947,0.713763145861911,-0.0105166895290353,0.738096777402999,0.727509444691808,-0.0105873327111912
YaleB,20260619,3,1.5,2,1000,227,0.0203748275699468,0.00794662519841284,0.414967427002848,0.425472426933368,0.405097599363422,0.724279835390947,0.720164609053498,-0.00411522633744854,0.738096777402999,0.734161649934356,-0.00393512746864277
YaleB,20260619,5,0,2,1000,227,0.0151419300369438,0.0141829879517982,1,0.402937176944388,0.387795246907445,0.724279835390947,0.668495656149977,-0.0557841792409693,0.738096777402999,0.694461539858585,-0.0436352375444142
YaleB,20260619,5,0.5,2,1000,227,0.0151419300369438,0.0141829879517982,0.531665120721267,0.402937176944388,0.387795246907445,0.724279835390947,0.716049382716049,-0.00823045267489719,0.738096777402999,0.729862835570508,-0.00823394183249082
YaleB,20260619,5,1,2,1000,227,0.0151419300369438,0.0141829879517982,0.0633302414425343,0.402937176944388,0.387795246907445,0.724279835390947,0.725194330132602,0.00091449474165517,0.738096777402999,0.738324806214309,0.000228028811310343
YaleB,20260619,5,1.5,2,1000,227,0.0151419300369438,0.0141829879517982,0,0.402937176944388,0.387795246907445,0.724279835390947,0.724279835390947,0,0.738096777402999,0.738096777402999,0
YaleB,20260619,10,0,2,1000,227,0.0114162004061746,0.011101483329491,1,0.395033362382443,0.383617161976268,0.724279835390947,0.668495656149977,-0.0557841792409693,0.738096777402999,0.694461539858585,-0.0436352375444142
YaleB,20260619,10,0.5,2,1000,227,0.0114162004061746,0.011101483329491,0.513783792570487,0.395033362382443,0.383617161976268,0.724279835390947,0.716506630086877,-0.00777320530406955,0.738096777402999,0.730109619609906,-0.00798715779309245
YaleB,20260619,10,1,2,1000,227,0.0114162004061746,0.011101483329491,0.0275675851409743,0.395033362382443,0.383617161976268,0.724279835390947,0.724737082761774,0.000457247370827529,0.738096777402999,0.737914219753482,-0.000182557649516912
YaleB,20260619,10,1.5,2,1000,227,0.0114162004061746,0.011101483329491,0,0.395033362382443,0.383617161976268,0.724279835390947,0.724279835390947,0,0.738096777402999,0.738096777402999,0
YaleB,20260620,3,0,2,1000,227,-0.00246756427245876,0.00701353925115574,0,0.420738156108614,0.423205720381073,0.734796524919982,0.734796524919982,0,0.737631581931344,0.737631581931344,0
YaleB,20260620,3,0.5,2,1000,227,-0.00246756427245876,0.00701353925115574,0,0.420738156108614,0.423205720381073,0.734796524919982,0.734796524919982,0,0.737631581931344,0.737631581931344,0
YaleB,20260620,3,1,2,1000,227,-0.00246756427245876,0.00701353925115574,0,0.420738156108614,0.423205720381073,0.734796524919982,0.734796524919982,0,0.737631581931344,0.737631581931344,0
YaleB,20260620,3,1.5,2,1000,227,-0.00246756427245876,0.00701353925115574,0,0.420738156108614,0.423205720381073,0.734796524919982,0.734796524919982,0,0.737631581931344,0.737631581931344,0
YaleB,20260620,5,0,2,1000,227,-0.0182969612873063,0.00881096018037256,0,0.413949662362619,0.432246623649926,0.734796524919982,0.734796524919982,0,0.737631581931344,0.737631581931344,0
YaleB,20260620,5,0.5,2,1000,227,-0.0182969612873063,0.00881096018037256,0,0.413949662362619,0.432246623649926,0.734796524919982,0.734796524919982,0,0.737631581931344,0.737631581931344,0
YaleB,20260620,5,1,2,1000,227,-0.0182969612873063,0.00881096018037256,0,0.413949662362619,0.432246623649926,0.734796524919982,0.734796524919982,0,0.737631581931344,0.737631581931344,0
YaleB,20260620,5,1.5,2,1000,227,-0.0182969612873063,0.00881096018037256,0,0.413949662362619,0.432246623649926,0.734796524919982,0.734796524919982,0,0.737631581931344,0.737631581931344,0
YaleB,20260620,10,0,2,1000,227,-0.015724261171474,0.00775567428143687,0,0.401269656442168,0.416993917613642,0.734796524919982,0.734796524919982,0,0.737631581931344,0.737631581931344,0
YaleB,20260620,10,0.5,2,1000,227,-0.015724261171474,0.00775567428143687,0,0.401269656442168,0.416993917613642,0.734796524919982,0.734796524919982,0,0.737631581931344,0.737631581931344,0
YaleB,20260620,10,1,2,1000,227,-0.015724261171474,0.00775567428143687,0,0.401269656442168,0.416993917613642,0.734796524919982,0.734796524919982,0,0.737631581931344,0.737631581931344,0
YaleB,20260620,10,1.5,2,1000,227,-0.015724261171474,0.00775567428143687,0,0.401269656442168,0.416993917613642,0.734796524919982,0.734796524919982,0,0.737631581931344,0.737631581931344,0
YaleB,20260621,3,0,2,1000,227,-0.0120631239313441,0.00738953922261782,0,0.413244139692364,0.425307263623708,0.757201646090535,0.757201646090535,0,0.74640162210697,0.74640162210697,0
YaleB,20260621,3,0.5,2,1000,227,-0.0120631239313441,0.00738953922261782,0,0.413244139692364,0.425307263623708,0.757201646090535,0.757201646090535,0,0.74640162210697,0.74640162210697,0
YaleB,20260621,3,1,2,1000,227,-0.0120631239313441,0.00738953922261782,0,0.413244139692364,0.425307263623708,0.757201646090535,0.757201646090535,0,0.74640162210697,0.74640162210697,0
YaleB,20260621,3,1.5,2,1000,227,-0.0120631239313441,0.00738953922261782,0,0.413244139692364,0.425307263623708,0.757201646090535,0.757201646090535,0,0.74640162210697,0.74640162210697,0
YaleB,20260621,5,0,2,1000,227,-0.0162125484237025,0.005957640949155,0,0.392628230998329,0.408840779422031,0.757201646090535,0.757201646090535,0,0.74640162210697,0.74640162210697,0
YaleB,20260621,5,0.5,2,1000,227,-0.0162125484237025,0.005957640949155,0,0.392628230998329,0.408840779422031,0.757201646090535,0.757201646090535,0,0.74640162210697,0.74640162210697,0
YaleB,20260621,5,1,2,1000,227,-0.0162125484237025,0.005957640949155,0,0.392628230998329,0.408840779422031,0.757201646090535,0.757201646090535,0,0.74640162210697,0.74640162210697,0
YaleB,20260621,5,1.5,2,1000,227,-0.0162125484237025,0.005957640949155,0,0.392628230998329,0.408840779422031,0.757201646090535,0.757201646090535,0,0.74640162210697,0.74640162210697,0
YaleB,20260621,10,0,2,1000,227,-0.0179374229058952,0.00745168869407932,0,0.389645592503899,0.407583015409794,0.757201646090535,0.757201646090535,0,0.74640162210697,0.74640162210697,0
YaleB,20260621,10,0.5,2,1000,227,-0.0179374229058952,0.00745168869407932,0,0.389645592503899,0.407583015409794,0.757201646090535,0.757201646090535,0,0.74640162210697,0.74640162210697,0
YaleB,20260621,10,1,2,1000,227,-0.0179374229058952,0.00745168869407932,0,0.389645592503899,0.407583015409794,0.757201646090535,0.757201646090535,0,0.74640162210697,0.74640162210697,0
YaleB,20260621,10,1.5,2,1000,227,-0.0179374229058952,0.00745168869407932,0,0.389645592503899,0.407583015409794,0.757201646090535,0.757201646090535,0,0.74640162210697,0.74640162210697,0
YaleB,20260622,3,0,2,1000,227,-0.0152336666271695,0.0126867325969914,0,0.456633515086354,0.471867181713524,0.734796524919982,0.734796524919982,0,0.733811818785037,0.733811818785037,0
YaleB,20260622,3,0.5,2,1000,227,-0.0152336666271695,0.0126867325969914,0,0.456633515086354,0.471867181713524,0.734796524919982,0.734796524919982,0,0.733811818785037,0.733811818785037,0
YaleB,20260622,3,1,2,1000,227,-0.0152336666271695,0.0126867325969914,0,0.456633515086354,0.471867181713524,0.734796524919982,0.734796524919982,0,0.733811818785037,0.733811818785037,0
YaleB,20260622,3,1.5,2,1000,227,-0.0152336666271695,0.0126867325969914,0,0.456633515086354,0.471867181713524,0.734796524919982,0.734796524919982,0,0.733811818785037,0.733811818785037,0
YaleB,20260622,5,0,2,1000,227,-0.0106988707437482,0.00869266441868305,0,0.428566176188341,0.43926504693209,0.734796524919982,0.734796524919982,0,0.733811818785037,0.733811818785037,0
YaleB,20260622,5,0.5,2,1000,227,-0.0106988707437482,0.00869266441868305,0,0.428566176188341,0.43926504693209,0.734796524919982,0.734796524919982,0,0.733811818785037,0.733811818785037,0
YaleB,20260622,5,1,2,1000,227,-0.0106988707437482,0.00869266441868305,0,0.428566176188341,0.43926504693209,0.734796524919982,0.734796524919982,0,0.733811818785037,0.733811818785037,0
YaleB,20260622,5,1.5,2,1000,227,-0.0106988707437482,0.00869266441868305,0,0.428566176188341,0.43926504693209,0.734796524919982,0.734796524919982,0,0.733811818785037,0.733811818785037,0
YaleB,20260622,10,0,2,1000,227,-0.0115914329481919,0.00869006975585274,0,0.429380662409584,0.440972095357776,0.734796524919982,0.734796524919982,0,0.733811818785037,0.733811818785037,0
YaleB,20260622,10,0.5,2,1000,227,-0.0115914329481919,0.00869006975585274,0,0.429380662409584,0.440972095357776,0.734796524919982,0.734796524919982,0,0.733811818785037,0.733811818785037,0
YaleB,20260622,10,1,2,1000,227,-0.0115914329481919,0.00869006975585274,0,0.429380662409584,0.440972095357776,0.734796524919982,0.734796524919982,0,0.733811818785037,0.733811818785037,0
YaleB,20260622,10,1.5,2,1000,227,-0.0115914329481919,0.00869006975585274,0,0.429380662409584,0.440972095357776,0.734796524919982,0.734796524919982,0,0.733811818785037,0.733811818785037,0
YaleB,20260623,3,0,2,1000,227,0.00203514971020476,0.00523589862228415,1,0.44522832678359,0.443193177073385,0.733424782807499,0.703703703703704,-0.0297210791037952,0.735577043576543,0.70569482884979,-0.0298822147267527
YaleB,20260623,3,0.5,2,1000,227,0.00203514971020476,0.00523589862228415,0,0.44522832678359,0.443193177073385,0.733424782807499,0.733424782807499,0,0.735577043576543,0.735577043576543,0
YaleB,20260623,3,1,2,1000,227,0.00203514971020476,0.00523589862228415,0,0.44522832678359,0.443193177073385,0.733424782807499,0.733424782807499,0,0.735577043576543,0.735577043576543,0
YaleB,20260623,3,1.5,2,1000,227,0.00203514971020476,0.00523589862228415,0,0.44522832678359,0.443193177073385,0.733424782807499,0.733424782807499,0,0.735577043576543,0.735577043576543,0
YaleB,20260623,5,0,2,1000,227,0.000463071269171711,0.0123649023326519,1,0.424259727152174,0.423796655883003,0.733424782807499,0.703703703703704,-0.0297210791037952,0.735577043576543,0.70569482884979,-0.0298822147267527
YaleB,20260623,5,0.5,2,1000,227,0.000463071269171711,0.0123649023326519,0,0.424259727152174,0.423796655883003,0.733424782807499,0.733424782807499,0,0.735577043576543,0.735577043576543,0
YaleB,20260623,5,1,2,1000,227,0.000463071269171711,0.0123649023326519,0,0.424259727152174,0.423796655883003,0.733424782807499,0.733424782807499,0,0.735577043576543,0.735577043576543,0
YaleB,20260623,5,1.5,2,1000,227,0.000463071269171711,0.0123649023326519,0,0.424259727152174,0.423796655883003,0.733424782807499,0.733424782807499,0,0.735577043576543,0.735577043576543,0
YaleB,20260623,10,0,2,1000,227,-0.00493930931625081,0.00774851086485843,0,0.428321604774498,0.433260914090749,0.733424782807499,0.733424782807499,0,0.735577043576543,0.735577043576543,0
YaleB,20260623,10,0.5,2,1000,227,-0.00493930931625081,0.00774851086485843,0,0.428321604774498,0.433260914090749,0.733424782807499,0.733424782807499,0,0.735577043576543,0.735577043576543,0
YaleB,20260623,10,1,2,1000,227,-0.00493930931625081,0.00774851086485843,0,0.428321604774498,0.433260914090749,0.733424782807499,0.733424782807499,0,0.735577043576543,0.735577043576543,0
YaleB,20260623,10,1.5,2,1000,227,-0.00493930931625081,0.00774851086485843,0,0.428321604774498,0.433260914090749,0.733424782807499,0.733424782807499,0,0.735577043576543,0.735577043576543,0
YaleB,20260624,3,0,2,1000,227,-0.0246731493607723,0.0022516907542041,0,0.458109281073402,0.482782430434174,0.738454503886603,0.738454503886603,0,0.737398544116393,0.737398544116393,0
YaleB,20260624,3,0.5,2,1000,227,-0.0246731493607723,0.0022516907542041,0,0.458109281073402,0.482782430434174,0.738454503886603,0.738454503886603,0,0.737398544116393,0.737398544116393,0
YaleB,20260624,3,1,2,1000,227,-0.0246731493607723,0.0022516907542041,0,0.458109281073402,0.482782430434174,0.738454503886603,0.738454503886603,0,0.737398544116393,0.737398544116393,0
YaleB,20260624,3,1.5,2,1000,227,-0.0246731493607723,0.0022516907542041,0,0.458109281073402,0.482782430434174,0.738454503886603,0.738454503886603,0,0.737398544116393,0.737398544116393,0
YaleB,20260624,5,0,2,1000,227,-0.0249535641599323,0.00764658535303768,0,0.434773066740308,0.45972663090024,0.738454503886603,0.738454503886603,0,0.737398544116393,0.737398544116393,0
YaleB,20260624,5,0.5,2,1000,227,-0.0249535641599323,0.00764658535303768,0,0.434773066740308,0.45972663090024,0.738454503886603,0.738454503886603,0,0.737398544116393,0.737398544116393,0
YaleB,20260624,5,1,2,1000,227,-0.0249535641599323,0.00764658535303768,0,0.434773066740308,0.45972663090024,0.738454503886603,0.738454503886603,0,0.737398544116393,0.737398544116393,0
YaleB,20260624,5,1.5,2,1000,227,-0.0249535641599323,0.00764658535303768,0,0.434773066740308,0.45972663090024,0.738454503886603,0.738454503886603,0,0.737398544116393,0.737398544116393,0
YaleB,20260624,10,0,2,1000,227,-0.0239746509619391,0.00495195952899017,0,0.434575320255794,0.458549971217733,0.738454503886603,0.738454503886603,0,0.737398544116393,0.737398544116393,0
YaleB,20260624,10,0.5,2,1000,227,-0.0239746509619391,0.00495195952899017,0,0.434575320255794,0.458549971217733,0.738454503886603,0.738454503886603,0,0.737398544116393,0.737398544116393,0
YaleB,20260624,10,1,2,1000,227,-0.0239746509619391,0.00495195952899017,0,0.434575320255794,0.458549971217733,0.738454503886603,0.738454503886603,0,0.737398544116393,0.737398544116393,0
YaleB,20260624,10,1.5,2,1000,227,-0.0239746509619391,0.00495195952899017,0,0.434575320255794,0.458549971217733,0.738454503886603,0.738454503886603,0,0.737398544116393,0.737398544116393,0
YaleB,20260625,3,0,2,1000,227,-0.0117586469287175,0.0102006412335978,0,0.399378422717446,0.411137069646164,0.740740740740741,0.740740740740741,0,0.739375496982502,0.739375496982502,0
YaleB,20260625,3,0.5,2,1000,227,-0.0117586469287175,0.0102006412335978,0,0.399378422717446,0.411137069646164,0.740740740740741,0.740740740740741,0,0.739375496982502,0.739375496982502,0
YaleB,20260625,3,1,2,1000,227,-0.0117586469287175,0.0102006412335978,0,0.399378422717446,0.411137069646164,0.740740740740741,0.740740740740741,0,0.739375496982502,0.739375496982502,0
YaleB,20260625,3,1.5,2,1000,227,-0.0117586469287175,0.0102006412335978,0,0.399378422717446,0.411137069646164,0.740740740740741,0.740740740740741,0,0.739375496982502,0.739375496982502,0
YaleB,20260625,5,0,2,1000,227,-0.00927526095898035,0.0115605473191568,0,0.394629042923156,0.403904303882137,0.740740740740741,0.740740740740741,0,0.739375496982502,0.739375496982502,0
YaleB,20260625,5,0.5,2,1000,227,-0.00927526095898035,0.0115605473191568,0,0.394629042923156,0.403904303882137,0.740740740740741,0.740740740740741,0,0.739375496982502,0.739375496982502,0
YaleB,20260625,5,1,2,1000,227,-0.00927526095898035,0.0115605473191568,0,0.394629042923156,0.403904303882137,0.740740740740741,0.740740740740741,0,0.739375496982502,0.739375496982502,0
YaleB,20260625,5,1.5,2,1000,227,-0.00927526095898035,0.0115605473191568,0,0.394629042923156,0.403904303882137,0.740740740740741,0.740740740740741,0,0.739375496982502,0.739375496982502,0
YaleB,20260625,10,0,2,1000,227,-0.010671744951158,0.0100209330192142,0,0.389413259523212,0.40008500447437,0.740740740740741,0.740740740740741,0,0.739375496982502,0.739375496982502,0
YaleB,20260625,10,0.5,2,1000,227,-0.010671744951158,0.0100209330192142,0,0.389413259523212,0.40008500447437,0.740740740740741,0.740740740740741,0,0.739375496982502,0.739375496982502,0
YaleB,20260625,10,1,2,1000,227,-0.010671744951158,0.0100209330192142,0,0.389413259523212,0.40008500447437,0.740740740740741,0.740740740740741,0,0.739375496982502,0.739375496982502,0
YaleB,20260625,10,1.5,2,1000,227,-0.010671744951158,0.0100209330192142,0,0.389413259523212,0.40008500447437,0.740740740740741,0.740740740740741,0,0.739375496982502,0.739375496982502,0
YaleB,20260626,3,0,2,1000,227,-0.0156058574579976,0.0111436987530056,0,0.43683990138877,0.452445758846768,0.728852309099223,0.728852309099223,0,0.73803977830859,0.73803977830859,0
YaleB,20260626,3,0.5,2,1000,227,-0.0156058574579976,0.0111436987530056,0,0.43683990138877,0.452445758846768,0.728852309099223,0.728852309099223,0,0.73803977830859,0.73803977830859,0
YaleB,20260626,3,1,2,1000,227,-0.0156058574579976,0.0111436987530056,0,0.43683990138877,0.452445758846768,0.728852309099223,0.728852309099223,0,0.73803977830859,0.73803977830859,0
YaleB,20260626,3,1.5,2,1000,227,-0.0156058574579976,0.0111436987530056,0,0.43683990138877,0.452445758846768,0.728852309099223,0.728852309099223,0,0.73803977830859,0.73803977830859,0
YaleB,20260626,5,0,2,1000,227,-0.0245474455927042,0.00569645896705164,0,0.436649676308433,0.461197121901137,0.728852309099223,0.728852309099223,0,0.73803977830859,0.73803977830859,0
YaleB,20260626,5,0.5,2,1000,227,-0.0245474455927042,0.00569645896705164,0,0.436649676308433,0.461197121901137,0.728852309099223,0.728852309099223,0,0.73803977830859,0.73803977830859,0
YaleB,20260626,5,1,2,1000,227,-0.0245474455927042,0.00569645896705164,0,0.436649676308433,0.461197121901137,0.728852309099223,0.728852309099223,0,0.73803977830859,0.73803977830859,0
YaleB,20260626,5,1.5,2,1000,227,-0.0245474455927042,0.00569645896705164,0,0.436649676308433,0.461197121901137,0.728852309099223,0.728852309099223,0,0.73803977830859,0.73803977830859,0
YaleB,20260626,10,0,2,1000,227,-0.0162627021011214,0.00922959185366765,0,0.418159567851173,0.434422269952294,0.728852309099223,0.728852309099223,0,0.73803977830859,0.73803977830859,0
YaleB,20260626,10,0.5,2,1000,227,-0.0162627021011214,0.00922959185366765,0,0.418159567851173,0.434422269952294,0.728852309099223,0.728852309099223,0,0.73803977830859,0.73803977830859,0
YaleB,20260626,10,1,2,1000,227,-0.0162627021011214,0.00922959185366765,0,0.418159567851173,0.434422269952294,0.728852309099223,0.728852309099223,0,0.73803977830859,0.73803977830859,0
YaleB,20260626,10,1.5,2,1000,227,-0.0162627021011214,0.00922959185366765,0,0.418159567851173,0.434422269952294,0.728852309099223,0.728852309099223,0,0.73803977830859,0.73803977830859,0
YaleB,20260627,3,0,2,1000,227,-0.00769590066456242,0.00701357175861738,0,0.454753027133598,0.462448927798161,0.689529035208048,0.689529035208048,0,0.703052348099621,0.703052348099621,0
YaleB,20260627,3,0.5,2,1000,227,-0.00769590066456242,0.00701357175861738,0,0.454753027133598,0.462448927798161,0.689529035208048,0.689529035208048,0,0.703052348099621,0.703052348099621,0
YaleB,20260627,3,1,2,1000,227,-0.00769590066456242,0.00701357175861738,0,0.454753027133598,0.462448927798161,0.689529035208048,0.689529035208048,0,0.703052348099621,0.703052348099621,0
YaleB,20260627,3,1.5,2,1000,227,-0.00769590066456242,0.00701357175861738,0,0.454753027133598,0.462448927798161,0.689529035208048,0.689529035208048,0,0.703052348099621,0.703052348099621,0
YaleB,20260627,5,0,2,1000,227,-0.0103980585768995,0.0072306756859172,0,0.434451274432595,0.444849333009494,0.689529035208048,0.689529035208048,0,0.703052348099621,0.703052348099621,0
YaleB,20260627,5,0.5,2,1000,227,-0.0103980585768995,0.0072306756859172,0,0.434451274432595,0.444849333009494,0.689529035208048,0.689529035208048,0,0.703052348099621,0.703052348099621,0
YaleB,20260627,5,1,2,1000,227,-0.0103980585768995,0.0072306756859172,0,0.434451274432595,0.444849333009494,0.689529035208048,0.689529035208048,0,0.703052348099621,0.703052348099621,0
YaleB,20260627,5,1.5,2,1000,227,-0.0103980585768995,0.0072306756859172,0,0.434451274432595,0.444849333009494,0.689529035208048,0.689529035208048,0,0.703052348099621,0.703052348099621,0
YaleB,20260627,10,0,2,1000,227,-0.00454177024637557,0.00621079286178069,0,0.414879383997387,0.419421154243763,0.689529035208048,0.689529035208048,0,0.703052348099621,0.703052348099621,0
YaleB,20260627,10,0.5,2,1000,227,-0.00454177024637557,0.00621079286178069,0,0.414879383997387,0.419421154243763,0.689529035208048,0.689529035208048,0,0.703052348099621,0.703052348099621,0
YaleB,20260627,10,1,2,1000,227,-0.00454177024637557,0.00621079286178069,0,0.414879383997387,0.419421154243763,0.689529035208048,0.689529035208048,0,0.703052348099621,0.703052348099621,0
YaleB,20260627,10,1.5,2,1000,227,-0.00454177024637557,0.00621079286178069,0,0.414879383997387,0.419421154243763,0.689529035208048,0.689529035208048,0,0.703052348099621,0.703052348099621,0
YaleB,20260628,3,0,2,1000,227,-0.022580253458953,0.0119887675649542,0,0.454681273262125,0.477261526721078,0.745770461819845,0.745770461819845,0,0.737250708737758,0.737250708737758,0
YaleB,20260628,3,0.5,2,1000,227,-0.022580253458953,0.0119887675649542,0,0.454681273262125,0.477261526721078,0.745770461819845,0.745770461819845,0,0.737250708737758,0.737250708737758,0
YaleB,20260628,3,1,2,1000,227,-0.022580253458953,0.0119887675649542,0,0.454681273262125,0.477261526721078,0.745770461819845,0.745770461819845,0,0.737250708737758,0.737250708737758,0
YaleB,20260628,3,1.5,2,1000,227,-0.022580253458953,0.0119887675649542,0,0.454681273262125,0.477261526721078,0.745770461819845,0.745770461819845,0,0.737250708737758,0.737250708737758,0
YaleB,20260628,5,0,2,1000,227,-0.0224708974286335,0.00479055876105206,0,0.429408193296612,0.451879090725246,0.745770461819845,0.745770461819845,0,0.737250708737758,0.737250708737758,0
YaleB,20260628,5,0.5,2,1000,227,-0.0224708974286335,0.00479055876105206,0,0.429408193296612,0.451879090725246,0.745770461819845,0.745770461819845,0,0.737250708737758,0.737250708737758,0
YaleB,20260628,5,1,2,1000,227,-0.0224708974286335,0.00479055876105206,0,0.429408193296612,0.451879090725246,0.745770461819845,0.745770461819845,0,0.737250708737758,0.737250708737758,0
YaleB,20260628,5,1.5,2,1000,227,-0.0224708974286335,0.00479055876105206,0,0.429408193296612,0.451879090725246,0.745770461819845,0.745770461819845,0,0.737250708737758,0.737250708737758,0
YaleB,20260628,10,0,2,1000,227,-0.0236385574892247,0.00710650971059272,0,0.428343166563115,0.45198172405234,0.745770461819845,0.745770461819845,0,0.737250708737758,0.737250708737758,0
YaleB,20260628,10,0.5,2,1000,227,-0.0236385574892247,0.00710650971059272,0,0.428343166563115,0.45198172405234,0.745770461819845,0.745770461819845,0,0.737250708737758,0.737250708737758,0
YaleB,20260628,10,1,2,1000,227,-0.0236385574892247,0.00710650971059272,0,0.428343166563115,0.45198172405234,0.745770461819845,0.745770461819845,0,0.737250708737758,0.737250708737758,0
YaleB,20260628,10,1.5,2,1000,227,-0.0236385574892247,0.00710650971059272,0,0.428343166563115,0.45198172405234,0.745770461819845,0.745770461819845,0,0.737250708737758,0.737250708737758,0
YaleB,20260629,3,0,2,1000,227,-0.0187945259688304,0.0090620135835391,0,0.397199365775763,0.415993891744593,0.744855967078189,0.744855967078189,0,0.741608109825387,0.741608109825387,0
YaleB,20260629,3,0.5,2,1000,227,-0.0187945259688304,0.0090620135835391,0,0.397199365775763,0.415993891744593,0.744855967078189,0.744855967078189,0,0.741608109825387,0.741608109825387,0
YaleB,20260629,3,1,2,1000,227,-0.0187945259688304,0.0090620135835391,0,0.397199365775763,0.415993891744593,0.744855967078189,0.744855967078189,0,0.741608109825387,0.741608109825387,0
YaleB,20260629,3,1.5,2,1000,227,-0.0187945259688304,0.0090620135835391,0,0.397199365775763,0.415993891744593,0.744855967078189,0.744855967078189,0,0.741608109825387,0.741608109825387,0
YaleB,20260629,5,0,2,1000,227,-0.0137684550538456,0.0123377570145179,0,0.375953005557902,0.389721460611748,0.744855967078189,0.744855967078189,0,0.741608109825387,0.741608109825387,0
YaleB,20260629,5,0.5,2,1000,227,-0.0137684550538456,0.0123377570145179,0,0.375953005557902,0.389721460611748,0.744855967078189,0.744855967078189,0,0.741608109825387,0.741608109825387,0
YaleB,20260629,5,1,2,1000,227,-0.0137684550538456,0.0123377570145179,0,0.375953005557902,0.389721460611748,0.744855967078189,0.744855967078189,0,0.741608109825387,0.741608109825387,0
YaleB,20260629,5,1.5,2,1000,227,-0.0137684550538456,0.0123377570145179,0,0.375953005557902,0.389721460611748,0.744855967078189,0.744855967078189,0,0.741608109825387,0.741608109825387,0
YaleB,20260629,10,0,2,1000,227,-0.0136528920293166,0.0119186853232325,0,0.363599885953987,0.377252777983304,0.744855967078189,0.744855967078189,0,0.741608109825387,0.741608109825387,0
YaleB,20260629,10,0.5,2,1000,227,-0.0136528920293166,0.0119186853232325,0,0.363599885953987,0.377252777983304,0.744855967078189,0.744855967078189,0,0.741608109825387,0.741608109825387,0
YaleB,20260629,10,1,2,1000,227,-0.0136528920293166,0.0119186853232325,0,0.363599885953987,0.377252777983304,0.744855967078189,0.744855967078189,0,0.741608109825387,0.741608109825387,0
YaleB,20260629,10,1.5,2,1000,227,-0.0136528920293166,0.0119186853232325,0,0.363599885953987,0.377252777983304,0.744855967078189,0.744855967078189,0,0.741608109825387,0.741608109825387,0
YaleB,20260630,3,0,2,1000,227,-0.0171382631841873,0.00958827568849828,0,0.494616265332278,0.511754528516465,0.727937814357567,0.727937814357567,0,0.727900537835592,0.727900537835592,0
YaleB,20260630,3,0.5,2,1000,227,-0.0171382631841873,0.00958827568849828,0,0.494616265332278,0.511754528516465,0.727937814357567,0.727937814357567,0,0.727900537835592,0.727900537835592,0
YaleB,20260630,3,1,2,1000,227,-0.0171382631841873,0.00958827568849828,0,0.494616265332278,0.511754528516465,0.727937814357567,0.727937814357567,0,0.727900537835592,0.727900537835592,0
YaleB,20260630,3,1.5,2,1000,227,-0.0171382631841873,0.00958827568849828,0,0.494616265332278,0.511754528516465,0.727937814357567,0.727937814357567,0,0.727900537835592,0.727900537835592,0
YaleB,20260630,5,0,2,1000,227,-0.0172329477962593,0.0115400001277652,0,0.463856445177178,0.481089392973438,0.727937814357567,0.727937814357567,0,0.727900537835592,0.727900537835592,0
YaleB,20260630,5,0.5,2,1000,227,-0.0172329477962593,0.0115400001277652,0,0.463856445177178,0.481089392973438,0.727937814357567,0.727937814357567,0,0.727900537835592,0.727900537835592,0
YaleB,20260630,5,1,2,1000,227,-0.0172329477962593,0.0115400001277652,0,0.463856445177178,0.481089392973438,0.727937814357567,0.727937814357567,0,0.727900537835592,0.727900537835592,0
YaleB,20260630,5,1.5,2,1000,227,-0.0172329477962593,0.0115400001277652,0,0.463856445177178,0.481089392973438,0.727937814357567,0.727937814357567,0,0.727900537835592,0.727900537835592,0
YaleB,20260630,10,0,2,1000,227,-0.0222124856741938,0.00969928837765237,0,0.458289689064552,0.480502174738746,0.727937814357567,0.727937814357567,0,0.727900537835592,0.727900537835592,0
YaleB,20260630,10,0.5,2,1000,227,-0.0222124856741938,0.00969928837765237,0,0.458289689064552,0.480502174738746,0.727937814357567,0.727937814357567,0,0.727900537835592,0.727900537835592,0
YaleB,20260630,10,1,2,1000,227,-0.0222124856741938,0.00969928837765237,0,0.458289689064552,0.480502174738746,0.727937814357567,0.727937814357567,0,0.727900537835592,0.727900537835592,0
YaleB,20260630,10,1.5,2,1000,227,-0.0222124856741938,0.00969928837765237,0,0.458289689064552,0.480502174738746,0.727937814357567,0.727937814357567,0,0.727900537835592,0.727900537835592,0
YaleB,20260631,3,0,2,1000,227,-0.00823290413145156,0.00246843845032271,0,0.430537750847295,0.438770654978747,0.726108824874257,0.726108824874257,0,0.726667175475585,0.726667175475585,0
YaleB,20260631,3,0.5,2,1000,227,-0.00823290413145156,0.00246843845032271,0,0.430537750847295,0.438770654978747,0.726108824874257,0.726108824874257,0,0.726667175475585,0.726667175475585,0
YaleB,20260631,3,1,2,1000,227,-0.00823290413145156,0.00246843845032271,0,0.430537750847295,0.438770654978747,0.726108824874257,0.726108824874257,0,0.726667175475585,0.726667175475585,0
YaleB,20260631,3,1.5,2,1000,227,-0.00823290413145156,0.00246843845032271,0,0.430537750847295,0.438770654978747,0.726108824874257,0.726108824874257,0,0.726667175475585,0.726667175475585,0
YaleB,20260631,5,0,2,1000,227,-0.0081571967274637,0.00875163383531115,0,0.398933149140503,0.407090345867967,0.726108824874257,0.726108824874257,0,0.726667175475585,0.726667175475585,0
YaleB,20260631,5,0.5,2,1000,227,-0.0081571967274637,0.00875163383531115,0,0.398933149140503,0.407090345867967,0.726108824874257,0.726108824874257,0,0.726667175475585,0.726667175475585,0
YaleB,20260631,5,1,2,1000,227,-0.0081571967274637,0.00875163383531115,0,0.398933149140503,0.407090345867967,0.726108824874257,0.726108824874257,0,0.726667175475585,0.726667175475585,0
YaleB,20260631,5,1.5,2,1000,227,-0.0081571967274637,0.00875163383531115,0,0.398933149140503,0.407090345867967,0.726108824874257,0.726108824874257,0,0.726667175475585,0.726667175475585,0
YaleB,20260631,10,0,2,1000,227,-0.00587502993877083,0.00700451527999293,0,0.386154407241657,0.392029437180428,0.726108824874257,0.726108824874257,0,0.726667175475585,0.726667175475585,0
YaleB,20260631,10,0.5,2,1000,227,-0.00587502993877083,0.00700451527999293,0,0.386154407241657,0.392029437180428,0.726108824874257,0.726108824874257,0,0.726667175475585,0.726667175475585,0
YaleB,20260631,10,1,2,1000,227,-0.00587502993877083,0.00700451527999293,0,0.386154407241657,0.392029437180428,0.726108824874257,0.726108824874257,0,0.726667175475585,0.726667175475585,0
YaleB,20260631,10,1.5,2,1000,227,-0.00587502993877083,0.00700451527999293,0,0.386154407241657,0.392029437180428,0.726108824874257,0.726108824874257,0,0.726667175475585,0.726667175475585,0
YaleB,20260632,3,0,2,1000,227,-0.0140300954164213,0.00552091818872557,0,0.505473569711813,0.519503665128234,0.742112482853224,0.742112482853224,0,0.74814394034923,0.74814394034923,0
YaleB,20260632,3,0.5,2,1000,227,-0.0140300954164213,0.00552091818872557,0,0.505473569711813,0.519503665128234,0.742112482853224,0.742112482853224,0,0.74814394034923,0.74814394034923,0
YaleB,20260632,3,1,2,1000,227,-0.0140300954164213,0.00552091818872557,0,0.505473569711813,0.519503665128234,0.742112482853224,0.742112482853224,0,0.74814394034923,0.74814394034923,0
YaleB,20260632,3,1.5,2,1000,227,-0.0140300954164213,0.00552091818872557,0,0.505473569711813,0.519503665128234,0.742112482853224,0.742112482853224,0,0.74814394034923,0.74814394034923,0
YaleB,20260632,5,0,2,1000,227,-0.0162830086503623,0.00645634900675195,0,0.486433030226504,0.502716038876866,0.742112482853224,0.742112482853224,0,0.74814394034923,0.74814394034923,0
YaleB,20260632,5,0.5,2,1000,227,-0.0162830086503623,0.00645634900675195,0,0.486433030226504,0.502716038876866,0.742112482853224,0.742112482853224,0,0.74814394034923,0.74814394034923,0
YaleB,20260632,5,1,2,1000,227,-0.0162830086503623,0.00645634900675195,0,0.486433030226504,0.502716038876866,0.742112482853224,0.742112482853224,0,0.74814394034923,0.74814394034923,0
YaleB,20260632,5,1.5,2,1000,227,-0.0162830086503623,0.00645634900675195,0,0.486433030226504,0.502716038876866,0.742112482853224,0.742112482853224,0,0.74814394034923,0.74814394034923,0
YaleB,20260632,10,0,2,1000,227,-0.0160903051443116,0.00851120645772281,0,0.477357463444848,0.493447768589159,0.742112482853224,0.742112482853224,0,0.74814394034923,0.74814394034923,0
YaleB,20260632,10,0.5,2,1000,227,-0.0160903051443116,0.00851120645772281,0,0.477357463444848,0.493447768589159,0.742112482853224,0.742112482853224,0,0.74814394034923,0.74814394034923,0
YaleB,20260632,10,1,2,1000,227,-0.0160903051443116,0.00851120645772281,0,0.477357463444848,0.493447768589159,0.742112482853224,0.742112482853224,0,0.74814394034923,0.74814394034923,0
YaleB,20260632,10,1.5,2,1000,227,-0.0160903051443116,0.00851120645772281,0,0.477357463444848,0.493447768589159,0.742112482853224,0.742112482853224,0,0.74814394034923,0.74814394034923,0
YaleB,20260633,3,0,2,1000,227,-0.0242230932503222,0.00936701258150329,0,0.429887785870007,0.454110879120329,0.75628715134888,0.75628715134888,0,0.742948680041738,0.742948680041738,0
YaleB,20260633,3,0.5,2,1000,227,-0.0242230932503222,0.00936701258150329,0,0.429887785870007,0.454110879120329,0.75628715134888,0.75628715134888,0,0.742948680041738,0.742948680041738,0
YaleB,20260633,3,1,2,1000,227,-0.0242230932503222,0.00936701258150329,0,0.429887785870007,0.454110879120329,0.75628715134888,0.75628715134888,0,0.742948680041738,0.742948680041738,0
YaleB,20260633,3,1.5,2,1000,227,-0.0242230932503222,0.00936701258150329,0,0.429887785870007,0.454110879120329,0.75628715134888,0.75628715134888,0,0.742948680041738,0.742948680041738,0
YaleB,20260633,5,0,2,1000,227,-0.0230570005590497,0.00790198474519929,0,0.436908082727183,0.459965083286233,0.75628715134888,0.75628715134888,0,0.742948680041738,0.742948680041738,0
YaleB,20260633,5,0.5,2,1000,227,-0.0230570005590497,0.00790198474519929,0,0.436908082727183,0.459965083286233,0.75628715134888,0.75628715134888,0,0.742948680041738,0.742948680041738,0
YaleB,20260633,5,1,2,1000,227,-0.0230570005590497,0.00790198474519929,0,0.436908082727183,0.459965083286233,0.75628715134888,0.75628715134888,0,0.742948680041738,0.742948680041738,0
YaleB,20260633,5,1.5,2,1000,227,-0.0230570005590497,0.00790198474519929,0,0.436908082727183,0.459965083286233,0.75628715134888,0.75628715134888,0,0.742948680041738,0.742948680041738,0
YaleB,20260633,10,0,2,1000,227,-0.0230771829684781,0.0104126789310313,0,0.418078901208932,0.44115608417741,0.75628715134888,0.75628715134888,0,0.742948680041738,0.742948680041738,0
YaleB,20260633,10,0.5,2,1000,227,-0.0230771829684781,0.0104126789310313,0,0.418078901208932,0.44115608417741,0.75628715134888,0.75628715134888,0,0.742948680041738,0.742948680041738,0
YaleB,20260633,10,1,2,1000,227,-0.0230771829684781,0.0104126789310313,0,0.418078901208932,0.44115608417741,0.75628715134888,0.75628715134888,0,0.742948680041738,0.742948680041738,0
YaleB,20260633,10,1.5,2,1000,227,-0.0230771829684781,0.0104126789310313,0,0.418078901208932,0.44115608417741,0.75628715134888,0.75628715134888,0,0.742948680041738,0.742948680041738,0
YaleB,20260634,3,0,2,1000,227,-0.0087924730886957,0.00936430093624119,0,0.432427945133065,0.44122041822176,0.731138545953361,0.731138545953361,0,0.731071973110031,0.731071973110031,0
YaleB,20260634,3,0.5,2,1000,227,-0.0087924730886957,0.00936430093624119,0,0.432427945133065,0.44122041822176,0.731138545953361,0.731138545953361,0,0.731071973110031,0.731071973110031,0
YaleB,20260634,3,1,2,1000,227,-0.0087924730886957,0.00936430093624119,0,0.432427945133065,0.44122041822176,0.731138545953361,0.731138545953361,0,0.731071973110031,0.731071973110031,0
YaleB,20260634,3,1.5,2,1000,227,-0.0087924730886957,0.00936430093624119,0,0.432427945133065,0.44122041822176,0.731138545953361,0.731138545953361,0,0.731071973110031,0.731071973110031,0
YaleB,20260634,5,0,2,1000,227,-0.0083117791130388,0.00673188373350149,0,0.405656033482142,0.413967812595181,0.731138545953361,0.731138545953361,0,0.731071973110031,0.731071973110031,0
YaleB,20260634,5,0.5,2,1000,227,-0.0083117791130388,0.00673188373350149,0,0.405656033482142,0.413967812595181,0.731138545953361,0.731138545953361,0,0.731071973110031,0.731071973110031,0
YaleB,20260634,5,1,2,1000,227,-0.0083117791130388,0.00673188373350149,0,0.405656033482142,0.413967812595181,0.731138545953361,0.731138545953361,0,0.731071973110031,0.731071973110031,0
YaleB,20260634,5,1.5,2,1000,227,-0.0083117791130388,0.00673188373350149,0,0.405656033482142,0.413967812595181,0.731138545953361,0.731138545953361,0,0.731071973110031,0.731071973110031,0
YaleB,20260634,10,0,2,1000,227,-0.00640304895331878,0.00720053107816646,0,0.404326360384056,0.410729409337375,0.731138545953361,0.731138545953361,0,0.731071973110031,0.731071973110031,0
YaleB,20260634,10,0.5,2,1000,227,-0.00640304895331878,0.00720053107816646,0,0.404326360384056,0.410729409337375,0.731138545953361,0.731138545953361,0,0.731071973110031,0.731071973110031,0
YaleB,20260634,10,1,2,1000,227,-0.00640304895331878,0.00720053107816646,0,0.404326360384056,0.410729409337375,0.731138545953361,0.731138545953361,0,0.731071973110031,0.731071973110031,0
YaleB,20260634,10,1.5,2,1000,227,-0.00640304895331878,0.00720053107816646,0,0.404326360384056,0.410729409337375,0.731138545953361,0.731138545953361,0,0.731071973110031,0.731071973110031,0
YaleB,20260635,3,0,2,1000,227,-0.0323558920777344,0.00354126608082122,0,0.481026170365703,0.513382062443437,0.728852309099223,0.728852309099223,0,0.726612384316496,0.726612384316496,0
YaleB,20260635,3,0.5,2,1000,227,-0.0323558920777344,0.00354126608082122,0,0.481026170365703,0.513382062443437,0.728852309099223,0.728852309099223,0,0.726612384316496,0.726612384316496,0
YaleB,20260635,3,1,2,1000,227,-0.0323558920777344,0.00354126608082122,0,0.481026170365703,0.513382062443437,0.728852309099223,0.728852309099223,0,0.726612384316496,0.726612384316496,0
YaleB,20260635,3,1.5,2,1000,227,-0.0323558920777344,0.00354126608082122,0,0.481026170365703,0.513382062443437,0.728852309099223,0.728852309099223,0,0.726612384316496,0.726612384316496,0
YaleB,20260635,5,0,2,1000,227,-0.0293589194000144,0.00940110042861098,0,0.448717768050909,0.478076687450924,0.728852309099223,0.728852309099223,0,0.726612384316496,0.726612384316496,0
YaleB,20260635,5,0.5,2,1000,227,-0.0293589194000144,0.00940110042861098,0,0.448717768050909,0.478076687450924,0.728852309099223,0.728852309099223,0,0.726612384316496,0.726612384316496,0
YaleB,20260635,5,1,2,1000,227,-0.0293589194000144,0.00940110042861098,0,0.448717768050909,0.478076687450924,0.728852309099223,0.728852309099223,0,0.726612384316496,0.726612384316496,0
YaleB,20260635,5,1.5,2,1000,227,-0.0293589194000144,0.00940110042861098,0,0.448717768050909,0.478076687450924,0.728852309099223,0.728852309099223,0,0.726612384316496,0.726612384316496,0
YaleB,20260635,10,0,2,1000,227,-0.0298935114204308,0.0111514992834858,0,0.450138778855884,0.480032290276315,0.728852309099223,0.728852309099223,0,0.726612384316496,0.726612384316496,0
YaleB,20260635,10,0.5,2,1000,227,-0.0298935114204308,0.0111514992834858,0,0.450138778855884,0.480032290276315,0.728852309099223,0.728852309099223,0,0.726612384316496,0.726612384316496,0
YaleB,20260635,10,1,2,1000,227,-0.0298935114204308,0.0111514992834858,0,0.450138778855884,0.480032290276315,0.728852309099223,0.728852309099223,0,0.726612384316496,0.726612384316496,0
YaleB,20260635,10,1.5,2,1000,227,-0.0298935114204308,0.0111514992834858,0,0.450138778855884,0.480032290276315,0.728852309099223,0.728852309099223,0,0.726612384316496,0.726612384316496,0
YaleB,20260636,3,0,2,1000,227,-0.0203127806025494,0.016958219012612,0,0.462584565559353,0.482897346161903,0.711476909007773,0.711476909007773,0,0.727102092794126,0.727102092794126,0
YaleB,20260636,3,0.5,2,1000,227,-0.0203127806025494,0.016958219012612,0,0.462584565559353,0.482897346161903,0.711476909007773,0.711476909007773,0,0.727102092794126,0.727102092794126,0
YaleB,20260636,3,1,2,1000,227,-0.0203127806025494,0.016958219012612,0,0.462584565559353,0.482897346161903,0.711476909007773,0.711476909007773,0,0.727102092794126,0.727102092794126,0
YaleB,20260636,3,1.5,2,1000,227,-0.0203127806025494,0.016958219012612,0,0.462584565559353,0.482897346161903,0.711476909007773,0.711476909007773,0,0.727102092794126,0.727102092794126,0
YaleB,20260636,5,0,2,1000,227,-0.0094764716379988,0.00672692224984953,0,0.443499130237032,0.452975601875031,0.711476909007773,0.711476909007773,0,0.727102092794126,0.727102092794126,0
YaleB,20260636,5,0.5,2,1000,227,-0.0094764716379988,0.00672692224984953,0,0.443499130237032,0.452975601875031,0.711476909007773,0.711476909007773,0,0.727102092794126,0.727102092794126,0
YaleB,20260636,5,1,2,1000,227,-0.0094764716379988,0.00672692224984953,0,0.443499130237032,0.452975601875031,0.711476909007773,0.711476909007773,0,0.727102092794126,0.727102092794126,0
YaleB,20260636,5,1.5,2,1000,227,-0.0094764716379988,0.00672692224984953,0,0.443499130237032,0.452975601875031,0.711476909007773,0.711476909007773,0,0.727102092794126,0.727102092794126,0
YaleB,20260636,10,0,2,1000,227,-0.0135748973471719,0.00783559366951826,0,0.444789643882702,0.458364541229874,0.711476909007773,0.711476909007773,0,0.727102092794126,0.727102092794126,0
YaleB,20260636,10,0.5,2,1000,227,-0.0135748973471719,0.00783559366951826,0,0.444789643882702,0.458364541229874,0.711476909007773,0.711476909007773,0,0.727102092794126,0.727102092794126,0
YaleB,20260636,10,1,2,1000,227,-0.0135748973471719,0.00783559366951826,0,0.444789643882702,0.458364541229874,0.711476909007773,0.711476909007773,0,0.727102092794126,0.727102092794126,0
YaleB,20260636,10,1.5,2,1000,227,-0.0135748973471719,0.00783559366951826,0,0.444789643882702,0.458364541229874,0.711476909007773,0.711476909007773,0,0.727102092794126,0.727102092794126,0
COIL100,20260617,3,0,3,10,700,0.0554102453094717,0.00718583486105629,1,0.240914039141525,0.185503793832053,0.856307692307692,0.884769230769231,0.0284615384615384,0.914478166152504,0.934115894997926,0.0196377288454221
COIL100,20260617,3,0.5,3,10,700,0.0554102453094717,0.00718583486105629,0.935157886227333,0.240914039141525,0.185503793832053,0.856307692307692,0.885538461538462,0.0292307692307692,0.914478166152504,0.934941004355726,0.020462838203222
COIL100,20260617,3,1,3,10,700,0.0554102453094717,0.00718583486105629,0.870315772454666,0.240914039141525,0.185503793832053,0.856307692307692,0.882153846153846,0.0258461538461539,0.914478166152504,0.932182489245258,0.017704323092754
COIL100,20260617,3,1.5,3,10,700,0.0554102453094717,0.00718583486105629,0.805473658682,0.240914039141525,0.185503793832053,0.856307692307692,0.878,0.0216923076923077,0.914478166152504,0.929834089777139,0.0153559236246354
COIL100,20260617,5,0,3,10,700,0.0489348351706242,0.00384596419987661,1,0.209612052416368,0.160677217245743,0.856307692307692,0.884769230769231,0.0284615384615384,0.914478166152504,0.934115894997926,0.0196377288454221
COIL100,20260617,5,0.5,3,10,700,0.0489348351706242,0.00384596419987661,0.960703206759902,0.209612052416368,0.160677217245743,0.856307692307692,0.886,0.0296923076923077,0.914478166152504,0.93543303058988,0.0209548644373763
COIL100,20260617,5,1,3,10,700,0.0489348351706242,0.00384596419987661,0.921406413519803,0.209612052416368,0.160677217245743,0.856307692307692,0.884,0.0276923076923077,0.914478166152504,0.933888649761589,0.0194104836090854
COIL100,20260617,5,1.5,3,10,700,0.0489348351706242,0.00384596419987661,0.882109620279705,0.209612052416368,0.160677217245743,0.856307692307692,0.882307692307692,0.026,0.914478166152504,0.932335546403854,0.0178573802513508
COIL100,20260617,10,0,3,10,700,0.0472113692377819,0.00336491375038384,1,0.203412915730764,0.156201546492982,0.856307692307692,0.884769230769231,0.0284615384615384,0.914478166152504,0.934115894997926,0.0196377288454221
COIL100,20260617,10,0.5,3,10,700,0.0472113692377819,0.00336491375038384,0.964363311160959,0.203412915730764,0.156201546492982,0.856307692307692,0.886153846153846,0.0298461538461539,0.914478166152504,0.935499285862197,0.0210211197096933
COIL100,20260617,10,1,3,10,700,0.0472113692377819,0.00336491375038384,0.928726622321917,0.203412915730764,0.156201546492982,0.856307692307692,0.884769230769231,0.0284615384615384,0.914478166152504,0.934418314860542,0.0199401487080383
COIL100,20260617,10,1.5,3,10,700,0.0472113692377819,0.00336491375038384,0.893089933482876,0.203412915730764,0.156201546492982,0.856307692307692,0.882461538461538,0.0261538461538461,0.914478166152504,0.932482793798803,0.0180046276462994
COIL100,20260618,3,0,3,10,700,0.0666956332278226,0.00208169192502697,1,0.241504870899997,0.174809237672175,0.856769230769231,0.882,0.0252307692307693,0.917247200645219,0.936169005262112,0.0189218046168934
COIL100,20260618,3,0.5,3,10,700,0.0666956332278226,0.00208169192502697,0.984394091304927,0.241504870899997,0.174809237672175,0.856769230769231,0.882153846153846,0.0253846153846155,0.917247200645219,0.936625996764654,0.0193787961194356
COIL100,20260618,3,1,3,10,700,0.0666956332278226,0.00208169192502697,0.968788182609854,0.241504870899997,0.174809237672175,0.856769230769231,0.881846153846154,0.0250769230769231,0.917247200645219,0.936437080774432,0.0191898801292136
COIL100,20260618,3,1.5,3,10,700,0.0666956332278226,0.00208169192502697,0.953182273914781,0.241504870899997,0.174809237672175,0.856769230769231,0.882,0.0252307692307693,0.917247200645219,0.936249058644897,0.0190018579996789
COIL100,20260618,5,0,3,10,700,0.0571333998557276,0.00540500446312356,1,0.212441045797074,0.155307645941346,0.856769230769231,0.882,0.0252307692307693,0.917247200645219,0.936169005262112,0.0189218046168934
COIL100,20260618,5,0.5,3,10,700,0.0571333998557276,0.00540500446312356,0.952698382410532,0.212441045797074,0.155307645941346,0.856769230769231,0.882,0.0252307692307693,0.917247200645219,0.936249058644897,0.0190018579996789
COIL100,20260618,5,1,3,10,700,0.0571333998557276,0.00540500446312356,0.905396764821064,0.212441045797074,0.155307645941346,0.856769230769231,0.879384615384615,0.0226153846153847,0.917247200645219,0.934206998788925,0.0169597981437066
COIL100,20260618,5,1.5,3,10,700,0.0571333998557276,0.00540500446312356,0.858095147231597,0.212441045797074,0.155307645941346,0.856769230769231,0.876769230769231,0.02,0.917247200645219,0.931966454382388,0.0147192537371692
COIL100,20260618,10,0,3,10,700,0.0586803252496614,0.00464467552338153,1,0.204330682883189,0.145650357633528,0.856769230769231,0.882,0.0252307692307693,0.917247200645219,0.936169005262112,0.0189218046168934
COIL100,20260618,10,0.5,3,10,700,0.0586803252496614,0.00464467552338153,0.960423911220496,0.204330682883189,0.145650357633528,0.856769230769231,0.882307692307692,0.0255384615384616,0.917247200645219,0.93652830199187,0.0192811013466514
COIL100,20260618,10,1,3,10,700,0.0586803252496614,0.00464467552338153,0.920847822440992,0.204330682883189,0.145650357633528,0.856769230769231,0.880461538461538,0.0236923076923077,0.917247200645219,0.935004599761057,0.0177573991158381
COIL100,20260618,10,1.5,3,10,700,0.0586803252496614,0.00464467552338153,0.881271733661488,0.204330682883189,0.145650357633528,0.856769230769231,0.878153846153846,0.0213846153846154,0.917247200645219,0.933023246951408,0.015776046306189
COIL100,20260619,3,0,3,10,700,0.0618447070075276,0.0017293146691029,1,0.225563305621531,0.163718598614003,0.853230769230769,0.884153846153846,0.0309230769230769,0.912054377829511,0.931604821339132,0.019550443509621
COIL100,20260619,3,0.5,3,10,700,0.0618447070075276,0.0017293146691029,0.986018895126365,0.225563305621531,0.163718598614003,0.853230769230769,0.884307692307692,0.0310769230769231,0.912054377829511,0.932349397380099,0.0202950195505885
COIL100,20260619,3,1,3,10,700,0.0618447070075276,0.0017293146691029,0.972037790252731,0.225563305621531,0.163718598614003,0.853230769230769,0.884153846153846,0.0309230769230769,0.912054377829511,0.932352390662912,0.0202980128334014
COIL100,20260619,3,1.5,3,10,700,0.0618447070075276,0.0017293146691029,0.958056685379096,0.225563305621531,0.163718598614003,0.853230769230769,0.884153846153846,0.0309230769230769,0.912054377829511,0.932291282511268,0.0202369046817574
COIL100,20260619,5,0,3,10,700,0.0556218151195759,0.0049506315279329,1,0.22323162661604,0.167609811496464,0.853230769230769,0.884153846153846,0.0309230769230769,0.912054377829511,0.931604821339132,0.019550443509621
COIL100,20260619,5,0.5,3,10,700,0.0556218151195759,0.0049506315279329,0.95549739326836,0.22323162661604,0.167609811496464,0.853230769230769,0.883846153846154,0.0306153846153846,0.912054377829511,0.93212675387446,0.0200723760449494
COIL100,20260619,5,1,3,10,700,0.0556218151195759,0.0049506315279329,0.910994786536721,0.22323162661604,0.167609811496464,0.853230769230769,0.883230769230769,0.03,0.912054377829511,0.931641728245025,0.0195873504155143
COIL100,20260619,5,1.5,3,10,700,0.0556218151195759,0.0049506315279329,0.866492179805081,0.22323162661604,0.167609811496464,0.853230769230769,0.88,0.0267692307692308,0.912054377829511,0.929495190871815,0.0174408130423048
COIL100,20260619,10,0,3,10,700,0.0540987257160363,0.00495207457114675,1,0.211307137732573,0.157208412016536,0.853230769230769,0.884153846153846,0.0309230769230769,0.912054377829511,0.931604821339132,0.019550443509621
COIL100,20260619,10,0.5,3,10,700,0.0540987257160363,0.00495207457114675,0.954231134785502,0.211307137732573,0.157208412016536,0.853230769230769,0.883846153846154,0.0306153846153846,0.912054377829511,0.93212675387446,0.0200723760449494
COIL100,20260619,10,1,3,10,700,0.0540987257160363,0.00495207457114675,0.908462269571003,0.211307137732573,0.157208412016536,0.853230769230769,0.883076923076923,0.0298461538461539,0.912054377829511,0.931579485999973,0.0195251081704625
COIL100,20260619,10,1.5,3,10,700,0.0540987257160363,0.00495207457114675,0.862693404356505,0.211307137732573,0.157208412016536,0.853230769230769,0.88,0.0267692307692308,0.912054377829511,0.929584475384328,0.0175300975548178
COIL100,20260620,3,0,3,10,700,0.0632810008599225,0.00424253669925723,1,0.22561020630968,0.162329205449757,0.846307692307692,0.875538461538461,0.0292307692307692,0.909303193729942,0.927883726426567,0.0185805326966246
COIL100,20260620,3,0.5,3,10,700,0.0632810008599225,0.00424253669925723,0.966478590401498,0.22561020630968,0.162329205449757,0.846307692307692,0.876153846153846,0.0298461538461539,0.909303193729942,0.927971618734323,0.0186684250043806
COIL100,20260620,3,1,3,10,700,0.0632810008599225,0.00424253669925723,0.932957180802996,0.22561020630968,0.162329205449757,0.846307692307692,0.873230769230769,0.0269230769230769,0.909303193729942,0.926124090351002,0.01682089662106
COIL100,20260620,3,1.5,3,10,700,0.0632810008599225,0.00424253669925723,0.899435771204494,0.22561020630968,0.162329205449757,0.846307692307692,0.872923076923077,0.0266153846153846,0.909303193729942,0.926536855812013,0.0172336620820706
COIL100,20260620,5,0,3,10,700,0.0595317280595663,0.0039610322350815,1,0.197847130191518,0.138315402131951,0.846307692307692,0.875538461538461,0.0292307692307692,0.909303193729942,0.927883726426567,0.0185805326966246
COIL100,20260620,5,0.5,3,10,700,0.0595317280595663,0.0039610322350815,0.966731754946554,0.197847130191518,0.138315402131951,0.846307692307692,0.876,0.0296923076923077,0.909303193729942,0.927846106292184,0.0185429125622421
COIL100,20260620,5,1,3,10,700,0.0595317280595663,0.0039610322350815,0.933463509893108,0.197847130191518,0.138315402131951,0.846307692307692,0.873230769230769,0.0269230769230769,0.909303193729942,0.926124090351002,0.01682089662106
COIL100,20260620,5,1.5,3,10,700,0.0595317280595663,0.0039610322350815,0.900195264839662,0.197847130191518,0.138315402131951,0.846307692307692,0.873076923076923,0.0267692307692308,0.909303193729942,0.926701980912687,0.017398787182745
COIL100,20260620,10,0,3,10,700,0.0565480649809817,0.00615192648139024,1,0.19392965327357,0.137381588292588,0.846307692307692,0.875538461538461,0.0292307692307692,0.909303193729942,0.927883726426567,0.0185805326966246
COIL100,20260620,10,0.5,3,10,700,0.0565480649809817,0.00615192648139024,0.945604447442549,0.19392965327357,0.137381588292588,0.846307692307692,0.874615384615385,0.0283076923076923,0.909303193729942,0.926804944554368,0.017501750824426
COIL100,20260620,10,1,3,10,700,0.0565480649809817,0.00615192648139024,0.891208894885099,0.19392965327357,0.137381588292588,0.846307692307692,0.872461538461539,0.0261538461538462,0.909303193729942,0.926481044565977,0.0171778508360348
COIL100,20260620,10,1.5,3,10,700,0.0565480649809817,0.00615192648139024,0.836813342327648,0.19392965327357,0.137381588292588,0.846307692307692,0.869384615384615,0.0230769230769231,0.909303193729942,0.92456386183773,0.015260668107788
COIL100,20260621,3,0,3,10,700,0.0764070575425816,0.0103111952761108,1,0.265060100821461,0.188653043278879,0.854153846153846,0.881538461538461,0.0273846153846153,0.915748881536838,0.93212796137681,0.0163790798399719
COIL100,20260621,3,0.5,3,10,700,0.0764070575425816,0.0103111952761108,0.932524588645726,0.265060100821461,0.188653043278879,0.854153846153846,0.881846153846154,0.0276923076923077,0.915748881536838,0.93226033341861,0.0165114518817722
COIL100,20260621,3,1,3,10,700,0.0764070575425816,0.0103111952761108,0.865049177291452,0.265060100821461,0.188653043278879,0.854153846153846,0.880153846153846,0.026,0.915748881536838,0.931087290017751,0.0153384084809127
COIL100,20260621,3,1.5,3,10,700,0.0764070575425816,0.0103111952761108,0.797573765937178,0.265060100821461,0.188653043278879,0.854153846153846,0.877846153846154,0.0236923076923077,0.915748881536838,0.929825290106025,0.0140764085691865
COIL100,20260621,5,0,3,10,700,0.0681794856248281,0.00468650437347044,1,0.254124207284628,0.185944721659799,0.854153846153846,0.881538461538461,0.0273846153846153,0.915748881536838,0.93212796137681,0.0163790798399719
COIL100,20260621,5,0.5,3,10,700,0.0681794856248281,0.00468650437347044,0.965631125473292,0.254124207284628,0.185944721659799,0.854153846153846,0.882615384615385,0.0284615384615384,0.915748881536838,0.93263304611471,0.0168841645778715
COIL100,20260621,5,1,3,10,700,0.0681794856248281,0.00468650437347044,0.931262250946584,0.254124207284628,0.185944721659799,0.854153846153846,0.882,0.0278461538461539,0.915748881536838,0.932516910468758,0.0167680289319193
COIL100,20260621,5,1.5,3,10,700,0.0681794856248281,0.00468650437347044,0.896893376419876,0.254124207284628,0.185944721659799,0.854153846153846,0.880307692307692,0.0261538461538462,0.915748881536838,0.93128116806024,0.015532286523402
COIL100,20260621,10,0,3,10,700,0.0661377026618837,0.00343416814677795,1,0.240129820558882,0.173992117896999,0.854153846153846,0.881538461538461,0.0273846153846153,0.915748881536838,0.93212796137681,0.0163790798399719
COIL100,20260621,10,0.5,3,10,700,0.0661377026618837,0.00343416814677795,0.974037742402889,0.240129820558882,0.173992117896999,0.854153846153846,0.882307692307692,0.0281538461538462,0.915748881536838,0.932349677720099,0.0166007961832607
COIL100,20260621,10,1,3,10,700,0.0661377026618837,0.00343416814677795,0.948075484805777,0.240129820558882,0.173992117896999,0.854153846153846,0.882153846153846,0.028,0.915748881536838,0.932338624552937,0.0165897430160989
COIL100,20260621,10,1.5,3,10,700,0.0661377026618837,0.00343416814677795,0.922113227208666,0.240129820558882,0.173992117896999,0.854153846153846,0.881692307692308,0.0275384615384615,0.915748881536838,0.932205532573799,0.0164566510369604
COIL100,20260622,3,0,3,10,700,0.0599806095594532,0.00328434195413499,1,0.242258448271439,0.182277838711986,0.856153846153846,0.885076923076923,0.0289230769230769,0.915204299101936,0.934344125984317,0.019139826882381
COIL100,20260622,3,0.5,3,10,700,0.0599806095594532,0.00328434195413499,0.972621635739801,0.242258448271439,0.182277838711986,0.856153846153846,0.886769230769231,0.0306153846153846,0.915204299101936,0.935363628519758,0.0201593294178222
COIL100,20260622,3,1,3,10,700,0.0599806095594532,0.00328434195413499,0.945243271479602,0.242258448271439,0.182277838711986,0.856153846153846,0.884307692307692,0.0281538461538462,0.915204299101936,0.933903436395636,0.0186991372937001
COIL100,20260622,3,1.5,3,10,700,0.0599806095594532,0.00328434195413499,0.917864907219402,0.242258448271439,0.182277838711986,0.856153846153846,0.882,0.0258461538461539,0.915204299101936,0.932382539619775,0.0171782405178388
COIL100,20260622,5,0,3,10,700,0.060188631374984,0.00585681407765589,1,0.229281066048992,0.169092434674008,0.856153846153846,0.885076923076923,0.0289230769230769,0.915204299101936,0.934344125984317,0.019139826882381
COIL100,20260622,5,0.5,3,10,700,0.060188631374984,0.00585681407765589,0.951346176646159,0.229281066048992,0.169092434674008,0.856153846153846,0.884769230769231,0.0286153846153846,0.915204299101936,0.934320702201465,0.0191164030995297
COIL100,20260622,5,1,3,10,700,0.060188631374984,0.00585681407765589,0.902692353292317,0.229281066048992,0.169092434674008,0.856153846153846,0.881692307692308,0.0255384615384615,0.915204299101936,0.932317002627971,0.0171127035260357
COIL100,20260622,5,1.5,3,10,700,0.060188631374984,0.00585681407765589,0.854038529938476,0.229281066048992,0.169092434674008,0.856153846153846,0.879076923076923,0.0229230769230769,0.915204299101936,0.930617924987496,0.0154136258855603
COIL100,20260622,10,0,3,10,700,0.0584479680854663,0.00525027938818434,1,0.218369194925268,0.159921226839801,0.856153846153846,0.885076923076923,0.0289230769230769,0.915204299101936,0.934344125984317,0.019139826882381
COIL100,20260622,10,0.5,3,10,700,0.0584479680854663,0.00525027938818434,0.955085869020228,0.218369194925268,0.159921226839801,0.856153846153846,0.885230769230769,0.0290769230769231,0.915204299101936,0.934366749652305,0.0191624505503689
COIL100,20260622,10,1,3,10,700,0.0584479680854663,0.00525027938818434,0.910171738040456,0.218369194925268,0.159921226839801,0.856153846153846,0.882,0.0258461538461539,0.915204299101936,0.932315031716575,0.0171107326146388
COIL100,20260622,10,1.5,3,10,700,0.0584479680854663,0.00525027938818434,0.865257607060684,0.218369194925268,0.159921226839801,0.856153846153846,0.879230769230769,0.0230769230769231,0.915204299101936,0.93084164560881,0.0156373465068742
COIL100,20260623,3,0,3,10,700,0.0608465312975204,0.00139933173792005,1,0.241845535360677,0.180999004063157,0.857076923076923,0.880923076923077,0.0238461538461539,0.911822864049527,0.92666538908356,0.0148425250340325
COIL100,20260623,3,0.5,3,10,700,0.0608465312975204,0.00139933173792005,0.988501137960702,0.241845535360677,0.180999004063157,0.857076923076923,0.881538461538461,0.0244615384615384,0.911822864049527,0.927532273009739,0.0157094089602116
COIL100,20260623,3,1,3,10,700,0.0608465312975204,0.00139933173792005,0.977002275921404,0.241845535360677,0.180999004063157,0.857076923076923,0.881384615384615,0.0243076923076924,0.911822864049527,0.927094787157479,0.0152719231079518
COIL100,20260623,3,1.5,3,10,700,0.0608465312975204,0.00139933173792005,0.965503413882106,0.241845535360677,0.180999004063157,0.857076923076923,0.881076923076923,0.024,0.911822864049527,0.926820474932245,0.0149976108827176
COIL100,20260623,5,0,3,10,700,0.0565372377890578,0.00271872040416344,1,0.233672958100921,0.177135720311864,0.857076923076923,0.880923076923077,0.0238461538461539,0.911822864049527,0.92666538908356,0.0148425250340325
COIL100,20260623,5,0.5,3,10,700,0.0565372377890578,0.00271872040416344,0.975956373971549,0.233672958100921,0.177135720311864,0.857076923076923,0.881538461538461,0.0244615384615384,0.911822864049527,0.927260741821478,0.0154378777719506
COIL100,20260623,5,1,3,10,700,0.0565372377890578,0.00271872040416344,0.951912747943098,0.233672958100921,0.177135720311864,0.857076923076923,0.880615384615385,0.0235384615384615,0.911822864049527,0.926314241489308,0.0144913774397804
COIL100,20260623,5,1.5,3,10,700,0.0565372377890578,0.00271872040416344,0.927869121914647,0.233672958100921,0.177135720311864,0.857076923076923,0.879384615384615,0.0223076923076924,0.911822864049527,0.92519234137679,0.013369477327263
COIL100,20260623,10,0,3,10,700,0.0568256401880714,0.00351991162811251,1,0.227284645103357,0.170459004915286,0.857076923076923,0.880923076923077,0.0238461538461539,0.911822864049527,0.92666538908356,0.0148425250340325
COIL100,20260623,10,0.5,3,10,700,0.0568256401880714,0.00351991162811251,0.969028843173056,0.227284645103357,0.170459004915286,0.857076923076923,0.881230769230769,0.0241538461538462,0.911822864049527,0.926916228853722,0.0150933648041942
COIL100,20260623,10,1,3,10,700,0.0568256401880714,0.00351991162811251,0.938057686346112,0.227284645103357,0.170459004915286,0.857076923076923,0.879846153846154,0.0227692307692308,0.911822864049527,0.92537741955063,0.0135545555011022
COIL100,20260623,10,1.5,3,10,700,0.0568256401880714,0.00351991162811251,0.907086529519168,0.227284645103357,0.170459004915286,0.857076923076923,0.879230769230769,0.0221538461538462,0.911822864049527,0.925261789376935,0.013438925327408
COIL100,20260624,3,0,3,10,700,0.0668700130438854,0.00294311774284001,1,0.248857591483179,0.181987578439293,0.850153846153846,0.877384615384615,0.0272307692307693,0.912976633693934,0.930112625754364,0.0171359920604297
COIL100,20260624,3,0.5,3,10,700,0.0668700130438854,0.00294311774284001,0.977993740326411,0.248857591483179,0.181987578439293,0.850153846153846,0.879230769230769,0.0290769230769231,0.912976633693934,0.930630501788371,0.0176538680944373
COIL100,20260624,3,1,3,10,700,0.0668700130438854,0.00294311774284001,0.955987480652823,0.248857591483179,0.181987578439293,0.850153846153846,0.878307692307692,0.0281538461538462,0.912976633693934,0.93016640900466,0.0171897753107263
COIL100,20260624,3,1.5,3,10,700,0.0668700130438854,0.00294311774284001,0.933981220979234,0.248857591483179,0.181987578439293,0.850153846153846,0.876923076923077,0.0267692307692308,0.912976633693934,0.9292127040896,0.0162360703956659
COIL100,20260624,5,0,3,10,700,0.0628269095578197,0.00668672845166235,1,0.238702360185526,0.175875450627706,0.850153846153846,0.877384615384615,0.0272307692307693,0.912976633693934,0.930112625754364,0.0171359920604297
COIL100,20260624,5,0.5,3,10,700,0.0628269095578197,0.00668672845166235,0.94678451877767,0.238702360185526,0.175875450627706,0.850153846153846,0.877692307692308,0.0275384615384615,0.912976633693934,0.92956967518254,0.0165930414886063
COIL100,20260624,5,1,3,10,700,0.0628269095578197,0.00668672845166235,0.89356903755534,0.238702360185526,0.175875450627706,0.850153846153846,0.876153846153846,0.026,0.912976633693934,0.928945569635199,0.0159689359412656
COIL100,20260624,5,1.5,3,10,700,0.0628269095578197,0.00668672845166235,0.84035355633301,0.238702360185526,0.175875450627706,0.850153846153846,0.874153846153846,0.024,0.912976633693934,0.928554208877017,0.0155775751830834
COIL100,20260624,10,0,3,10,700,0.055949264663535,0.00567119784495659,1,0.225231179676128,0.169281915012593,0.850153846153846,0.877384615384615,0.0272307692307693,0.912976633693934,0.930112625754364,0.0171359920604297
COIL100,20260624,10,0.5,3,10,700,0.055949264663535,0.00567119784495659,0.949318388015805,0.225231179676128,0.169281915012593,0.850153846153846,0.877538461538461,0.0273846153846153,0.912976633693934,0.929488775798974,0.0165121421050398
COIL100,20260624,10,1,3,10,700,0.055949264663535,0.00567119784495659,0.898636776031611,0.225231179676128,0.169281915012593,0.850153846153846,0.875846153846154,0.0256923076923077,0.912976633693934,0.928639391885538,0.0156627581916043
COIL100,20260624,10,1.5,3,10,700,0.055949264663535,0.00567119784495659,0.847955164047416,0.225231179676128,0.169281915012593,0.850153846153846,0.874769230769231,0.0246153846153846,0.912976633693934,0.928852657080323,0.0158760233863889
COIL100,20260625,3,0,3,10,700,0.0517458584317392,0.00382586809871043,1,0.216150832100752,0.164404973669013,0.850769230769231,0.878307692307692,0.0275384615384616,0.912620288592359,0.933152937655645,0.0205326490632853
COIL100,20260625,3,0.5,3,10,700,0.0517458584317392,0.00382586809871043,0.963032132284004,0.216150832100752,0.164404973669013,0.850769230769231,0.877230769230769,0.0264615384615385,0.912620288592359,0.932221326044524,0.0196010374521642
COIL100,20260625,3,1,3,10,700,0.0517458584317392,0.00382586809871043,0.926064264568007,0.216150832100752,0.164404973669013,0.850769230769231,0.876,0.0252307692307693,0.912620288592359,0.931036470042125,0.0184161814497652
COIL100,20260625,3,1.5,3,10,700,0.0517458584317392,0.00382586809871043,0.889096396852011,0.216150832100752,0.164404973669013,0.850769230769231,0.872307692307692,0.0215384615384616,0.912620288592359,0.928470072847525,0.0158497842551659
COIL100,20260625,5,0,3,10,700,0.0490923170909304,0.0028009528156514,1,0.21237660981409,0.16328429272316,0.850769230769231,0.878307692307692,0.0275384615384616,0.912620288592359,0.933152937655645,0.0205326490632853
COIL100,20260625,5,0.5,3,10,700,0.0490923170909304,0.0028009528156514,0.971472595085873,0.21237660981409,0.16328429272316,0.850769230769231,0.878153846153846,0.0273846153846155,0.912620288592359,0.932933841656057,0.0203135530636972
COIL100,20260625,5,1,3,10,700,0.0490923170909304,0.0028009528156514,0.942945190171746,0.21237660981409,0.16328429272316,0.850769230769231,0.876307692307692,0.0255384615384616,0.912620288592359,0.93138316409281,0.0187628755004509
COIL100,20260625,5,1.5,3,10,700,0.0490923170909304,0.0028009528156514,0.914417785257618,0.21237660981409,0.16328429272316,0.850769230769231,0.875076923076923,0.0243076923076924,0.912620288592359,0.930550679389273,0.0179303907969137
COIL100,20260625,10,0,3,10,700,0.0477874970345506,0.00255899767949476,1,0.201543519807675,0.153756022773124,0.850769230769231,0.878307692307692,0.0275384615384616,0.912620288592359,0.933152937655645,0.0205326490632853
COIL100,20260625,10,0.5,3,10,700,0.0477874970345506,0.00255899767949476,0.973225238417022,0.201543519807675,0.153756022773124,0.850769230769231,0.878153846153846,0.0273846153846155,0.912620288592359,0.932982739283953,0.0203624506915933
COIL100,20260625,10,1,3,10,700,0.0477874970345506,0.00255899767949476,0.946450476834043,0.201543519807675,0.153756022773124,0.850769230769231,0.876615384615385,0.0258461538461539,0.912620288592359,0.931541283155812,0.018920994563453
COIL100,20260625,10,1.5,3,10,700,0.0477874970345506,0.00255899767949476,0.919675715251065,0.201543519807675,0.153756022773124,0.850769230769231,0.875846153846154,0.0250769230769231,0.912620288592359,0.931174378525448,0.0185540899330886
COIL100,20260626,3,0,3,10,700,0.0621898901226389,0.00617708204932323,1,0.235704053029659,0.17351416290702,0.837076923076923,0.866923076923077,0.0298461538461539,0.904466407579831,0.924038263972063,0.0195718563922322
COIL100,20260626,3,0.5,3,10,700,0.0621898901226389,0.00617708204932323,0.950336927456038,0.235704053029659,0.17351416290702,0.837076923076923,0.867692307692308,0.0306153846153846,0.904466407579831,0.925440552869721,0.0209741452898906
COIL100,20260626,3,1,3,10,700,0.0621898901226389,0.00617708204932323,0.900673854912077,0.235704053029659,0.17351416290702,0.837076923076923,0.866769230769231,0.0296923076923077,0.904466407579831,0.924641323013168,0.0201749154333367
COIL100,20260626,3,1.5,3,10,700,0.0621898901226389,0.00617708204932323,0.851010782368115,0.235704053029659,0.17351416290702,0.837076923076923,0.865538461538462,0.0284615384615385,0.904466407579831,0.923890691473899,0.0194242838940683
COIL100,20260626,5,0,3,10,700,0.0552680067405467,0.00576272400243554,1,0.223354344845541,0.168086338104994,0.837076923076923,0.866923076923077,0.0298461538461539,0.904466407579831,0.924038263972063,0.0195718563922322
COIL100,20260626,5,0.5,3,10,700,0.0552680067405467,0.00576272400243554,0.947865642871034,0.223354344845541,0.168086338104994,0.837076923076923,0.867692307692308,0.0306153846153846,0.904466407579831,0.925440552869721,0.0209741452898906
COIL100,20260626,5,1,3,10,700,0.0552680067405467,0.00576272400243554,0.895731285742068,0.223354344845541,0.168086338104994,0.837076923076923,0.866923076923077,0.0298461538461539,0.904466407579831,0.924679496964221,0.02021308938439
COIL100,20260626,5,1.5,3,10,700,0.0552680067405467,0.00576272400243554,0.843596928613102,0.223354344845541,0.168086338104994,0.837076923076923,0.865538461538462,0.0284615384615385,0.904466407579831,0.924113834680217,0.0196474271003866
COIL100,20260626,10,0,3,10,700,0.0546615146103902,0.00695323989991375,1,0.217954553707799,0.163293039097409,0.837076923076923,0.866923076923077,0.0298461538461539,0.904466407579831,0.924038263972063,0.0195718563922322
COIL100,20260626,10,0.5,3,10,700,0.0546615146103902,0.00695323989991375,0.936397299366161,0.217954553707799,0.163293039097409,0.837076923076923,0.867384615384615,0.0303076923076924,0.904466407579831,0.925276510870797,0.0208101032909664
COIL100,20260626,10,1,3,10,700,0.0546615146103902,0.00695323989991375,0.872794598732321,0.217954553707799,0.163293039097409,0.837076923076923,0.866153846153846,0.0290769230769231,0.904466407579831,0.924306234052286,0.0198398264724554
COIL100,20260626,10,1.5,3,10,700,0.0546615146103902,0.00695323989991375,0.809191898098482,0.217954553707799,0.163293039097409,0.837076923076923,0.863384615384615,0.0263076923076924,0.904466407579831,0.922402213068143,0.0179358054883119
COIL100,20260627,3,0,3,10,700,0.0547722727492565,0.00345489227804491,1,0.232327538910082,0.177555266160826,0.847846153846154,0.870153846153846,0.0223076923076924,0.912741089845273,0.925295057190522,0.0125539673452489
COIL100,20260627,3,0.5,3,10,700,0.0547722727492565,0.00345489227804491,0.968461302547539,0.232327538910082,0.177555266160826,0.847846153846154,0.870615384615385,0.0227692307692308,0.912741089845273,0.925842132588768,0.013101042743495
COIL100,20260627,3,1,3,10,700,0.0547722727492565,0.00345489227804491,0.936922605095079,0.232327538910082,0.177555266160826,0.847846153846154,0.869076923076923,0.0212307692307693,0.912741089845273,0.924672497529346,0.0119314076840729
COIL100,20260627,3,1.5,3,10,700,0.0547722727492565,0.00345489227804491,0.905383907642618,0.232327538910082,0.177555266160826,0.847846153846154,0.868,0.0201538461538462,0.912741089845273,0.924661225557132,0.0119201357118589
COIL100,20260627,5,0,3,10,700,0.056207006484493,0.00154879993236039,1,0.220464162596178,0.164257156111685,0.847846153846154,0.870153846153846,0.0223076923076924,0.912741089845273,0.925295057190522,0.0125539673452489
COIL100,20260627,5,0.5,3,10,700,0.056207006484493,0.00154879993236039,0.98622235883717,0.220464162596178,0.164257156111685,0.847846153846154,0.869384615384615,0.0215384615384616,0.912741089845273,0.925134514751855,0.0123934249065826
COIL100,20260627,5,1,3,10,700,0.056207006484493,0.00154879993236039,0.97244471767434,0.220464162596178,0.164257156111685,0.847846153846154,0.869384615384615,0.0215384615384616,0.912741089845273,0.925022945971629,0.0122818561263568
COIL100,20260627,5,1.5,3,10,700,0.056207006484493,0.00154879993236039,0.958667076511511,0.220464162596178,0.164257156111685,0.847846153846154,0.870769230769231,0.0229230769230769,0.912741089845273,0.925674084020284,0.0129329941750111
COIL100,20260627,10,0,3,10,700,0.0509635186727971,0.00293466654375698,1,0.201839153671703,0.150875634998906,0.847846153846154,0.870153846153846,0.0223076923076924,0.912741089845273,0.925295057190522,0.0125539673452489
COIL100,20260627,10,0.5,3,10,700,0.0509635186727971,0.00293466654375698,0.971208163994734,0.201839153671703,0.150875634998906,0.847846153846154,0.870153846153846,0.0223076923076924,0.912741089845273,0.9256073936459,0.0128663038006271
COIL100,20260627,10,1,3,10,700,0.0509635186727971,0.00293466654375698,0.942416327989468,0.201839153671703,0.150875634998906,0.847846153846154,0.869384615384615,0.0215384615384616,0.912741089845273,0.924835618805991,0.0120945289607178
COIL100,20260627,10,1.5,3,10,700,0.0509635186727971,0.00293466654375698,0.913624491984202,0.201839153671703,0.150875634998906,0.847846153846154,0.868307692307692,0.0204615384615385,0.912741089845273,0.924553062844941,0.0118119729996682
COIL100,20260628,3,0,3,10,700,0.0678395930424408,0.0011718685511014,1,0.238312041377251,0.17047244833481,0.863230769230769,0.888615384615385,0.0253846153846153,0.918494177605381,0.936015589574249,0.0175214119688678
COIL100,20260628,3,0.5,3,10,700,0.0678395930424408,0.0011718685511014,0.99136294530564,0.238312041377251,0.17047244833481,0.863230769230769,0.888615384615385,0.0253846153846153,0.918494177605381,0.936244810870844,0.0177506332654633
COIL100,20260628,3,1,3,10,700,0.0678395930424408,0.0011718685511014,0.98272589061128,0.238312041377251,0.17047244833481,0.863230769230769,0.889230769230769,0.026,0.918494177605381,0.936678934858411,0.0181847572530304
COIL100,20260628,3,1.5,3,10,700,0.0678395930424408,0.0011718685511014,0.974088835916919,0.238312041377251,0.17047244833481,0.863230769230769,0.889538461538462,0.0263076923076923,0.918494177605381,0.937024288245516,0.0185301106401347
COIL100,20260628,5,0,3,10,700,0.063720345792856,0.00755795864188294,1,0.226246780044735,0.162526434251879,0.863230769230769,0.888615384615385,0.0253846153846153,0.918494177605381,0.936015589574249,0.0175214119688678
COIL100,20260628,5,0.5,3,10,700,0.063720345792856,0.00755795864188294,0.940694306129061,0.226246780044735,0.162526434251879,0.863230769230769,0.889076923076923,0.0258461538461539,0.918494177605381,0.936828697918859,0.018334520313478
COIL100,20260628,5,1,3,10,700,0.063720345792856,0.00755795864188294,0.881388612258123,0.226246780044735,0.162526434251879,0.863230769230769,0.886769230769231,0.0235384615384615,0.918494177605381,0.935607160708488,0.0171129831031072
COIL100,20260628,5,1.5,3,10,700,0.063720345792856,0.00755795864188294,0.822082918387184,0.226246780044735,0.162526434251879,0.863230769230769,0.884153846153846,0.0209230769230769,0.918494177605381,0.934176839891551,0.0156826622861697
COIL100,20260628,10,0,3,10,700,0.0663713824713642,0.0066813946005483,1,0.222223393889331,0.155852011417967,0.863230769230769,0.888615384615385,0.0253846153846153,0.918494177605381,0.936015589574249,0.0175214119688678
COIL100,20260628,10,0.5,3,10,700,0.0663713824713642,0.0066813946005483,0.949666600635967,0.222223393889331,0.155852011417967,0.863230769230769,0.889230769230769,0.026,0.918494177605381,0.936873750118579,0.0183795725131981
COIL100,20260628,10,1,3,10,700,0.0663713824713642,0.0066813946005483,0.899333201271934,0.222223393889331,0.155852011417967,0.863230769230769,0.888153846153846,0.0249230769230769,0.918494177605381,0.936809265122123,0.0183150875167417
COIL100,20260628,10,1.5,3,10,700,0.0663713824713642,0.0066813946005483,0.848999801907901,0.222223393889331,0.155852011417967,0.863230769230769,0.885076923076923,0.0218461538461538,0.918494177605381,0.934694396951785,0.0162002193464043
COIL100,20260629,3,0,3,10,700,0.0659019735918324,0.00330746107675281,1,0.228818532939153,0.16291655934732,0.858153846153846,0.885538461538462,0.0273846153846153,0.919725031160746,0.938411304128388,0.0186862729676415
COIL100,20260629,3,0.5,3,10,700,0.0659019735918324,0.00330746107675281,0.974906206168894,0.228818532939153,0.16291655934732,0.858153846153846,0.884923076923077,0.0267692307692308,0.919725031160746,0.938180915991828,0.0184558848310818
COIL100,20260629,3,1,3,10,700,0.0659019735918324,0.00330746107675281,0.949812412337789,0.228818532939153,0.16291655934732,0.858153846153846,0.883538461538461,0.0253846153846153,0.919725031160746,0.937685278501379,0.0179602473406328
COIL100,20260629,3,1.5,3,10,700,0.0659019735918324,0.00330746107675281,0.924718618506683,0.228818532939153,0.16291655934732,0.858153846153846,0.882615384615385,0.0244615384615384,0.919725031160746,0.936996953163625,0.0172719220028783
COIL100,20260629,5,0,3,10,700,0.0596186104204235,0.00610987150662175,1,0.228346496037308,0.168727885616885,0.858153846153846,0.885538461538462,0.0273846153846153,0.919725031160746,0.938411304128388,0.0186862729676415
COIL100,20260629,5,0.5,3,10,700,0.0596186104204235,0.00610987150662175,0.948758689077658,0.228346496037308,0.168727885616885,0.858153846153846,0.883384615384615,0.0252307692307693,0.919725031160746,0.93762639337527,0.0179013622145232
COIL100,20260629,5,1,3,10,700,0.0596186104204235,0.00610987150662175,0.897517378155317,0.228346496037308,0.168727885616885,0.858153846153846,0.881076923076923,0.0229230769230769,0.919725031160746,0.93592600221271,0.0162009710519634
COIL100,20260629,5,1.5,3,10,700,0.0596186104204235,0.00610987150662175,0.846276067232975,0.228346496037308,0.168727885616885,0.858153846153846,0.880923076923077,0.0227692307692308,0.919725031160746,0.93537704167144,0.0156520105106936
COIL100,20260629,10,0,3,10,700,0.0642311439765817,0.00556520981514671,1,0.218530908262715,0.154299764286133,0.858153846153846,0.885538461538462,0.0273846153846153,0.919725031160746,0.938411304128388,0.0186862729676415
COIL100,20260629,10,0.5,3,10,700,0.0642311439765817,0.00556520981514671,0.956678260181885,0.218530908262715,0.154299764286133,0.858153846153846,0.883846153846154,0.0256923076923077,0.919725031160746,0.937671398297553,0.0179463671368066
COIL100,20260629,10,1,3,10,700,0.0642311439765817,0.00556520981514671,0.91335652036377,0.218530908262715,0.154299764286133,0.858153846153846,0.882,0.0238461538461539,0.919725031160746,0.93652348880307,0.0167984576423232
COIL100,20260629,10,1.5,3,10,700,0.0642311439765817,0.00556520981514671,0.870034780545655,0.218530908262715,0.154299764286133,0.858153846153846,0.880461538461538,0.0223076923076923,0.919725031160746,0.935254742863173,0.0155297117024265
COIL100,20260630,3,0,3,10,700,0.0597569073682653,0.00560889016969376,1,0.239167963872796,0.179411056504531,0.852,0.880307692307692,0.0283076923076924,0.912010525113491,0.93201444600952,0.0200039208960294
COIL100,20260630,3,0.5,3,10,700,0.0597569073682653,0.00560889016969376,0.953069106010392,0.239167963872796,0.179411056504531,0.852,0.879692307692308,0.0276923076923077,0.912010525113491,0.931764368467673,0.0197538433541823
COIL100,20260630,3,1,3,10,700,0.0597569073682653,0.00560889016969376,0.906138212020784,0.239167963872796,0.179411056504531,0.852,0.877230769230769,0.0252307692307693,0.912010525113491,0.930012820166311,0.0180022950528208
COIL100,20260630,3,1.5,3,10,700,0.0597569073682653,0.00560889016969376,0.859207318031176,0.239167963872796,0.179411056504531,0.852,0.875692307692308,0.0236923076923077,0.912010525113491,0.928767696104485,0.0167571709909942
COIL100,20260630,5,0,3,10,700,0.0566651214228293,0.00690569756477237,1,0.207215852908691,0.150550731485862,0.852,0.880307692307692,0.0283076923076924,0.912010525113491,0.93201444600952,0.0200039208960294
COIL100,20260630,5,0.5,3,10,700,0.0566651214228293,0.00690569756477237,0.93906571281086,0.207215852908691,0.150550731485862,0.852,0.878769230769231,0.0267692307692308,0.912010525113491,0.930895327457455,0.0188848023439643
COIL100,20260630,5,1,3,10,700,0.0566651214228293,0.00690569756477237,0.87813142562172,0.207215852908691,0.150550731485862,0.852,0.876307692307692,0.0243076923076924,0.912010525113491,0.92925827508184,0.0172477499683489
COIL100,20260630,5,1.5,3,10,700,0.0566651214228293,0.00690569756477237,0.817197138432579,0.207215852908691,0.150550731485862,0.852,0.874769230769231,0.0227692307692308,0.912010525113491,0.928302544618311,0.0162920195048203
COIL100,20260630,10,0,3,10,700,0.0534944990991938,0.00527286354434243,1,0.202772786226886,0.149278287127693,0.852,0.880307692307692,0.0283076923076924,0.912010525113491,0.93201444600952,0.0200039208960294
COIL100,20260630,10,0.5,3,10,700,0.0534944990991938,0.00527286354434243,0.95071583402842,0.202772786226886,0.149278287127693,0.852,0.879538461538461,0.0275384615384615,0.912010525113491,0.931674654385623,0.0196641292721326
COIL100,20260630,10,1,3,10,700,0.0534944990991938,0.00527286354434243,0.90143166805684,0.202772786226886,0.149278287127693,0.852,0.877076923076923,0.0250769230769231,0.912010525113491,0.929908605360278,0.0178980802467876
COIL100,20260630,10,1.5,3,10,700,0.0534944990991938,0.00527286354434243,0.852147502085259,0.202772786226886,0.149278287127693,0.852,0.875384615384615,0.0233846153846154,0.912010525113491,0.928590092786804,0.0165795676733138
COIL100,20260631,3,0,3,10,700,0.0530554662674189,0.00454676821043615,1,0.232428838763626,0.179373372496207,0.851076923076923,0.879538461538461,0.0284615384615384,0.915333943947925,0.9340595715999,0.0187256276519752
COIL100,20260631,3,0.5,3,10,700,0.0530554662674189,0.00454676821043615,0.957150803392069,0.232428838763626,0.179373372496207,0.851076923076923,0.879692307692308,0.0286153846153846,0.915333943947925,0.934168470372864,0.0188345264249394
COIL100,20260631,3,1,3,10,700,0.0530554662674189,0.00454676821043615,0.914301606784138,0.232428838763626,0.179373372496207,0.851076923076923,0.877846153846154,0.0267692307692308,0.915333943947925,0.932972849628771,0.0176389056808465
COIL100,20260631,3,1.5,3,10,700,0.0530554662674189,0.00454676821043615,0.871452410176207,0.232428838763626,0.179373372496207,0.851076923076923,0.875846153846154,0.0247692307692308,0.915333943947925,0.932028953286286,0.016695009338361
COIL100,20260631,5,0,3,10,700,0.0467194632591746,0.00888974896617534,1,0.217332839470932,0.170613376211757,0.851076923076923,0.879538461538461,0.0284615384615384,0.915333943947925,0.9340595715999,0.0187256276519752
COIL100,20260631,5,0.5,3,10,700,0.0467194632591746,0.00888974896617534,0.904860326446178,0.217332839470932,0.170613376211757,0.851076923076923,0.877230769230769,0.0261538461538462,0.915333943947925,0.932594945652098,0.0172610017041737
COIL100,20260631,5,1,3,10,700,0.0467194632591746,0.00888974896617534,0.809720652892355,0.217332839470932,0.170613376211757,0.851076923076923,0.873230769230769,0.0221538461538462,0.915333943947925,0.930291136928154,0.0149571929802295
COIL100,20260631,5,1.5,3,10,700,0.0467194632591746,0.00888974896617534,0.714580979338533,0.217332839470932,0.170613376211757,0.851076923076923,0.869846153846154,0.0187692307692308,0.915333943947925,0.927537020265327,0.0122030763174025
COIL100,20260631,10,0,3,10,700,0.0471405474405928,0.00763396689137671,1,0.211603325962786,0.164462778522193,0.851076923076923,0.879538461538461,0.0284615384615384,0.915333943947925,0.9340595715999,0.0187256276519752
COIL100,20260631,10,0.5,3,10,700,0.0471405474405928,0.00763396689137671,0.91902971745293,0.211603325962786,0.164462778522193,0.851076923076923,0.877846153846154,0.0267692307692308,0.915333943947925,0.932972849628771,0.0176389056808465
COIL100,20260631,10,1,3,10,700,0.0471405474405928,0.00763396689137671,0.83805943490586,0.211603325962786,0.164462778522193,0.851076923076923,0.874461538461539,0.0233846153846154,0.915333943947925,0.930881831415139,0.0155478874672145
COIL100,20260631,10,1.5,3,10,700,0.0471405474405928,0.00763396689137671,0.75708915235879,0.211603325962786,0.164462778522193,0.851076923076923,0.871230769230769,0.0201538461538462,0.915333943947925,0.928687012366455,0.0133530684185306
COIL100,20260632,3,0,3,10,700,0.0621918942349773,0.00703442632904739,1,0.218422502727592,0.156230608492615,0.846,0.875692307692308,0.0296923076923077,0.912732996168465,0.930129224526301,0.0173962283578357
COIL100,20260632,3,0.5,3,10,700,0.0621918942349773,0.00703442632904739,0.943445794539804,0.218422502727592,0.156230608492615,0.846,0.875384615384615,0.0293846153846155,0.912732996168465,0.930281011475358,0.0175480153068932
COIL100,20260632,3,1,3,10,700,0.0621918942349773,0.00703442632904739,0.886891589079608,0.218422502727592,0.156230608492615,0.846,0.870153846153846,0.0241538461538462,0.912732996168465,0.926812695020543,0.014079698852078
COIL100,20260632,3,1.5,3,10,700,0.0621918942349773,0.00703442632904739,0.830337383619411,0.218422502727592,0.156230608492615,0.846,0.867538461538462,0.0215384615384616,0.912732996168465,0.925309710858521,0.0125767146900559
COIL100,20260632,5,0,3,10,700,0.0674177402203152,0.0101937825472127,1,0.221240127095182,0.153822386874867,0.846,0.875692307692308,0.0296923076923077,0.912732996168465,0.930129224526301,0.0173962283578357
COIL100,20260632,5,0.5,3,10,700,0.0674177402203152,0.0101937825472127,0.924398366706594,0.221240127095182,0.153822386874867,0.846,0.874615384615385,0.0286153846153846,0.912732996168465,0.930181558920229,0.0174485627517642
COIL100,20260632,5,1,3,10,700,0.0674177402203152,0.0101937825472127,0.848796733413189,0.221240127095182,0.153822386874867,0.846,0.868769230769231,0.0227692307692308,0.912732996168465,0.926022464636055,0.0132894684675898
COIL100,20260632,5,1.5,3,10,700,0.0674177402203152,0.0101937825472127,0.773195100119784,0.221240127095182,0.153822386874867,0.846,0.864769230769231,0.0187692307692308,0.912732996168465,0.923478785749779,0.0107457895813138
COIL100,20260632,10,0,3,10,700,0.0596210684461208,0.00482583798724536,1,0.206243027299316,0.146621958853196,0.846,0.875692307692308,0.0296923076923077,0.912732996168465,0.930129224526301,0.0173962283578357
COIL100,20260632,10,0.5,3,10,700,0.0596210684461208,0.00482583798724536,0.959529088348975,0.206243027299316,0.146621958853196,0.846,0.876307692307692,0.0303076923076924,0.912732996168465,0.93088545019534,0.0181524540268753
COIL100,20260632,10,1,3,10,700,0.0596210684461208,0.00482583798724536,0.91905817669795,0.206243027299316,0.146621958853196,0.846,0.873692307692308,0.0276923076923077,0.912732996168465,0.929389324080007,0.0166563279115424
COIL100,20260632,10,1.5,3,10,700,0.0596210684461208,0.00482583798724536,0.878587265046924,0.206243027299316,0.146621958853196,0.846,0.869384615384615,0.0233846153846154,0.912732996168465,0.926408844583787,0.013675848415322
COIL100,20260633,3,0,3,10,700,0.0639115548632002,0.00713653914958917,1,0.23576040593175,0.17184885106855,0.855076923076923,0.878923076923077,0.0238461538461539,0.918769826060821,0.933764095658936,0.0149942695981151
COIL100,20260633,3,0.5,3,10,700,0.0639115548632002,0.00713653914958917,0.944168631440241,0.23576040593175,0.17184885106855,0.855076923076923,0.878769230769231,0.0236923076923077,0.918769826060821,0.934289060813248,0.0155192347524269
COIL100,20260633,3,1,3,10,700,0.0639115548632002,0.00713653914958917,0.888337262880482,0.23576040593175,0.17184885106855,0.855076923076923,0.877076923076923,0.022,0.918769826060821,0.932789165915079,0.0140193398542579
COIL100,20260633,3,1.5,3,10,700,0.0639115548632002,0.00713653914958917,0.832505894320723,0.23576040593175,0.17184885106855,0.855076923076923,0.873846153846154,0.0187692307692308,0.918769826060821,0.931146227205608,0.0123764011447868
COIL100,20260633,5,0,3,10,700,0.0509316378661982,0.00408902859156737,1,0.206836263134325,0.155904625268127,0.855076923076923,0.878923076923077,0.0238461538461539,0.918769826060821,0.933764095658936,0.0149942695981151
COIL100,20260633,5,0.5,3,10,700,0.0509316378661982,0.00408902859156737,0.959857676260976,0.206836263134325,0.155904625268127,0.855076923076923,0.879230769230769,0.0241538461538462,0.918769826060821,0.934582531931023,0.0158127058702023
COIL100,20260633,5,1,3,10,700,0.0509316378661982,0.00408902859156737,0.919715352521951,0.206836263134325,0.155904625268127,0.855076923076923,0.878307692307692,0.0232307692307693,0.918769826060821,0.933867500394086,0.0150976743332648
COIL100,20260633,5,1.5,3,10,700,0.0509316378661982,0.00408902859156737,0.879573028782927,0.206836263134325,0.155904625268127,0.855076923076923,0.876615384615385,0.0215384615384615,0.918769826060821,0.932464471943822,0.0136946458830007
COIL100,20260633,10,0,3,10,700,0.0513765657724841,0.00472376212910179,1,0.202999420763942,0.151622854991458,0.855076923076923,0.878923076923077,0.0238461538461539,0.918769826060821,0.933764095658936,0.0149942695981151
COIL100,20260633,10,0.5,3,10,700,0.0513765657724841,0.00472376212910179,0.954028047047554,0.202999420763942,0.151622854991458,0.855076923076923,0.879384615384615,0.0243076923076924,0.918769826060821,0.93467310770404,0.0159032816432189
COIL100,20260633,10,1,3,10,700,0.0513765657724841,0.00472376212910179,0.908056094095108,0.202999420763942,0.151622854991458,0.855076923076923,0.878153846153846,0.0230769230769231,0.918769826060821,0.933823371822016,0.0150535457611952
COIL100,20260633,10,1.5,3,10,700,0.0513765657724841,0.00472376212910179,0.862084141142661,0.202999420763942,0.151622854991458,0.855076923076923,0.876,0.0209230769230769,0.918769826060821,0.932259820303144,0.0134899942423232
COIL100,20260634,3,0,3,10,700,0.0583928471732134,0.00183568567718104,1,0.247732416371092,0.189339569197878,0.837230769230769,0.866923076923077,0.0296923076923077,0.906931760067617,0.924926348807906,0.0179945887402898
COIL100,20260634,3,0.5,3,10,700,0.0583928471732134,0.00183568567718104,0.984281587848116,0.247732416371092,0.189339569197878,0.837230769230769,0.867076923076923,0.0298461538461539,0.906931760067617,0.925617059789061,0.0186852997214439
COIL100,20260634,3,1,3,10,700,0.0583928471732134,0.00183568567718104,0.968563175696233,0.247732416371092,0.189339569197878,0.837230769230769,0.866307692307692,0.0290769230769231,0.906931760067617,0.925029213595746,0.0180974535281293
COIL100,20260634,3,1.5,3,10,700,0.0583928471732134,0.00183568567718104,0.952844763544349,0.247732416371092,0.189339569197878,0.837230769230769,0.866769230769231,0.0295384615384615,0.906931760067617,0.925403751697178,0.0184719916295613
COIL100,20260634,5,0,3,10,700,0.0556029143901389,0.00751432958614311,1,0.227197734765991,0.171594820375852,0.837230769230769,0.866923076923077,0.0296923076923077,0.906931760067617,0.924926348807906,0.0179945887402898
COIL100,20260634,5,0.5,3,10,700,0.0556029143901389,0.00751432958614311,0.932428635544005,0.227197734765991,0.171594820375852,0.837230769230769,0.866461538461539,0.0292307692307693,0.906931760067617,0.925227433623265,0.0182956735556489
COIL100,20260634,5,1,3,10,700,0.0556029143901389,0.00751432958614311,0.86485727108801,0.227197734765991,0.171594820375852,0.837230769230769,0.863384615384615,0.0261538461538462,0.906931760067617,0.922380942415605,0.0154491823479886
COIL100,20260634,5,1.5,3,10,700,0.0556029143901389,0.00751432958614311,0.797285906632016,0.227197734765991,0.171594820375852,0.837230769230769,0.859384615384615,0.0221538461538462,0.906931760067617,0.919735812494765,0.0128040524271485
COIL100,20260634,10,0,3,10,700,0.0537316207904212,0.00672161615560525,1,0.217401260493815,0.163669639703394,0.837230769230769,0.866923076923077,0.0296923076923077,0.906931760067617,0.924926348807906,0.0179945887402898
COIL100,20260634,10,0.5,3,10,700,0.0537316207904212,0.00672161615560525,0.937451950483471,0.217401260493815,0.163669639703394,0.837230769230769,0.866769230769231,0.0295384615384615,0.906931760067617,0.925562714396588,0.0186309543289714
COIL100,20260634,10,1,3,10,700,0.0537316207904212,0.00672161615560525,0.874903900966942,0.217401260493815,0.163669639703394,0.837230769230769,0.864153846153846,0.0269230769230769,0.906931760067617,0.922910014286995,0.0159782542193786
COIL100,20260634,10,1.5,3,10,700,0.0537316207904212,0.00672161615560525,0.812355851450413,0.217401260493815,0.163669639703394,0.837230769230769,0.860769230769231,0.0235384615384615,0.906931760067617,0.920509975895442,0.0135782158278256
COIL100,20260635,3,0,3,10,700,0.0491118121257294,0.0101425520939254,1,0.220637296639557,0.171525484513828,0.834615384615385,0.861384615384615,0.0267692307692308,0.906453779862248,0.923139466944541,0.0166856870822925
COIL100,20260635,3,0.5,3,10,700,0.0491118121257294,0.0101425520939254,0.89674019696158,0.220637296639557,0.171525484513828,0.834615384615385,0.858,0.0233846153846153,0.906453779862248,0.920739450944451,0.0142856710822021
COIL100,20260635,3,1,3,10,700,0.0491118121257294,0.0101425520939254,0.79348039392316,0.220637296639557,0.171525484513828,0.834615384615385,0.853846153846154,0.0192307692307692,0.906453779862248,0.91788253835891,0.0114287584966617
COIL100,20260635,3,1.5,3,10,700,0.0491118121257294,0.0101425520939254,0.69022059088474,0.220637296639557,0.171525484513828,0.834615384615385,0.852923076923077,0.0183076923076922,0.906453779862248,0.917740084068483,0.0112863042062343
COIL100,20260635,5,0,3,10,700,0.0491723620323449,0.00673861935488612,1,0.22361821839234,0.174445856359995,0.834615384615385,0.861384615384615,0.0267692307692308,0.906453779862248,0.923139466944541,0.0166856870822925
COIL100,20260635,5,0.5,3,10,700,0.0491723620323449,0.00673861935488612,0.931479604839264,0.22361821839234,0.174445856359995,0.834615384615385,0.859538461538462,0.0249230769230769,0.906453779862248,0.921526091630233,0.0150723117679851
COIL100,20260635,5,1,3,10,700,0.0491723620323449,0.00673861935488612,0.862959209678527,0.22361821839234,0.174445856359995,0.834615384615385,0.856,0.0213846153846153,0.906453779862248,0.919367158660609,0.0129133787983605
COIL100,20260635,5,1.5,3,10,700,0.0491723620323449,0.00673861935488612,0.794438814517791,0.22361821839234,0.174445856359995,0.834615384615385,0.853846153846154,0.0192307692307692,0.906453779862248,0.91788253835891,0.0114287584966617
COIL100,20260635,10,0,3,10,700,0.0457615765512471,0.00534608551089348,1,0.202893970644432,0.157132394093185,0.834615384615385,0.861384615384615,0.0267692307692308,0.906453779862248,0.923139466944541,0.0166856870822925
COIL100,20260635,10,0.5,3,10,700,0.0457615765512471,0.00534608551089348,0.941587616579309,0.202893970644432,0.157132394093185,0.834615384615385,0.859846153846154,0.0252307692307692,0.906453779862248,0.921730081844941,0.0152763019826923
COIL100,20260635,10,1,3,10,700,0.0457615765512471,0.00534608551089348,0.883175233158618,0.202893970644432,0.157132394093185,0.834615384615385,0.857384615384615,0.0227692307692308,0.906453779862248,0.920451613825376,0.0139978339631274
COIL100,20260635,10,1.5,3,10,700,0.0457615765512471,0.00534608551089348,0.824762849737927,0.202893970644432,0.157132394093185,0.834615384615385,0.854923076923077,0.0203076923076922,0.906453779862248,0.918471579846281,0.0120177999840323
COIL100,20260636,3,0,3,10,700,0.0634560931789317,0.00289847000177225,1,0.254970865577046,0.191514772398115,0.848461538461538,0.869846153846154,0.0213846153846153,0.912570278611929,0.927421723385888,0.0148514447739597
COIL100,20260636,3,0.5,3,10,700,0.0634560931789317,0.00289847000177225,0.977161610047445,0.254970865577046,0.191514772398115,0.848461538461538,0.870615384615385,0.0221538461538461,0.912570278611929,0.928130077753919,0.01555979914199
COIL100,20260636,3,1,3,10,700,0.0634560931789317,0.00289847000177225,0.954323220094889,0.254970865577046,0.191514772398115,0.848461538461538,0.870153846153846,0.0216923076923077,0.912570278611929,0.927991094389926,0.0154208157779973
COIL100,20260636,3,1.5,3,10,700,0.0634560931789317,0.00289847000177225,0.931484830142334,0.254970865577046,0.191514772398115,0.848461538461538,0.868769230769231,0.0203076923076922,0.912570278611929,0.927111861315708,0.0145415827037796
COIL100,20260636,5,0,3,10,700,0.0678516643795884,0.003860650130632,1,0.252477756640767,0.184626092261179,0.848461538461538,0.869846153846154,0.0213846153846153,0.912570278611929,0.927421723385888,0.0148514447739597
COIL100,20260636,5,0.5,3,10,700,0.0678516643795884,0.003860650130632,0.971550807441996,0.252477756640767,0.184626092261179,0.848461538461538,0.870615384615385,0.0221538461538461,0.912570278611929,0.928106026360705,0.0155357477487769
COIL100,20260636,5,1,3,10,700,0.0678516643795884,0.003860650130632,0.943101614883991,0.252477756640767,0.184626092261179,0.848461538461538,0.869230769230769,0.0207692307692308,0.912570278611929,0.927552005510232,0.014981726898303
COIL100,20260636,5,1.5,3,10,700,0.0678516643795884,0.003860650130632,0.914652422325987,0.252477756640767,0.184626092261179,0.848461538461538,0.868769230769231,0.0203076923076922,0.912570278611929,0.926992416648158,0.0144221380362298
COIL100,20260636,10,0,3,10,700,0.062821103462131,0.00485536058898689,1,0.238911794217173,0.176090690755042,0.848461538461538,0.869846153846154,0.0213846153846153,0.912570278611929,0.927421723385888,0.0148514447739597
COIL100,20260636,10,0.5,3,10,700,0.062821103462131,0.00485536058898689,0.961355656607387,0.238911794217173,0.176090690755042,0.848461538461538,0.870461538461539,0.022,0.912570278611929,0.928257778118497,0.0156874995065683
COIL100,20260636,10,1,3,10,700,0.062821103462131,0.00485536058898689,0.922711313214775,0.238911794217173,0.176090690755042,0.848461538461538,0.868923076923077,0.0204615384615384,0.912570278611929,0.927227676310469,0.0146573976985408
COIL100,20260636,10,1.5,3,10,700,0.062821103462131,0.00485536058898689,0.884066969822162,0.238911794217173,0.176090690755042,0.848461538461538,0.867076923076923,0.0186153846153846,0.912570278611929,0.926185024802506,0.013614746190577
