label_fraction,pilot_seed,fold,alpha,available_labeled_count,training_labeled_count,validation_labeled_count,validation_ACC,validation_NMI,training_labeled_ACC,objective_initial,objective_final,objective_nonincrease,run_seconds
0.050000,20260711,1,1,90,72,18,0.333333333333333,0.509448961229947,0.708333333333333,4526409.53403612,115.33391765655,1,6.678043
0.050000,20260711,2,1,90,72,18,0.166666666666667,0.447538382349509,0.611111111111111,4590908.8919341,113.776863400748,1,6.692318
0.050000,20260711,3,1,90,72,18,0.222222222222222,0.429097348926083,0.638888888888889,4501698.21720975,114.65279782473,1,6.654587
0.050000,20260711,4,1,90,72,18,0.166666666666667,0.468209582177908,0.680555555555556,4572119.27329709,115.423594362151,1,6.704530
0.050000,20260711,5,1,90,72,18,0.166666666666667,0.370471422695894,0.694444444444444,4581654.01142394,112.360509398082,1,6.654608
0.050000,20260711,1,10,90,72,18,0.388888888888889,0.53378017326041,0.930555555555556,4526508.02504788,125.32716854077,1,6.725031
0.050000,20260711,2,10,90,72,18,0.111111111111111,0.40462353284047,0.930555555555556,4590994.62530335,126.602154327227,1,6.666307
0.050000,20260711,3,10,90,72,18,0.388888888888889,0.472845676581186,0.958333333333333,4501784.64954857,128.340778891109,1,6.676601
0.050000,20260711,4,10,90,72,18,0.277777777777778,0.537652052933996,0.805555555555556,4572204.64699042,122.720079339726,1,6.654953
0.050000,20260711,5,10,90,72,18,0.166666666666667,0.448743790192205,0.888888888888889,4581742.00832308,124.22211113625,1,6.623078
0.050000,20260711,1,100,90,72,18,0.388888888888889,0.595116904025366,1,4527492.93516539,131.993673297595,1,6.609275
0.050000,20260711,2,100,90,72,18,0.222222222222222,0.334367292668459,1,4591851.95899577,132.083741611399,1,6.709270
0.050000,20260711,3,100,90,72,18,0.166666666666667,0.398248424529862,1,4502648.97293677,131.894664295605,1,6.829145
0.050000,20260711,4,100,90,72,18,0.388888888888889,0.561740115190287,1,4573058.38392373,131.465866915632,1,6.691954
0.050000,20260711,5,100,90,72,18,0.166666666666667,0.416511790078588,1,4582621.97731448,132.041560246677,1,6.630209
0.050000,20260711,1,1000,90,72,18,0.388888888888889,0.587462741354112,1,4537342.03634057,130.92346562635,1,6.687883
0.050000,20260711,2,1000,90,72,18,0.333333333333333,0.473311604347484,1,4600425.29591997,132.469539607591,1,6.693663
0.050000,20260711,3,1000,90,72,18,0.222222222222222,0.447499501061509,1,4511292.20681873,132.105931426657,1,6.639484
0.050000,20260711,4,1000,90,72,18,0.222222222222222,0.45655866428214,1,4581595.75325685,132.590638353265,1,6.664665
0.050000,20260711,5,1000,90,72,18,0.166666666666667,0.425361784414062,1,4591421.66722845,131.211428182219,1,6.617098
0.050000,20260711,1,10000,90,72,18,0.388888888888889,0.587462741354112,1,4635833.04809236,130.936662124343,0,6.635317
0.050000,20260711,2,10000,90,72,18,0.333333333333333,0.473311604347484,1,4686158.66516199,132.25903532838,0,6.677546
0.050000,20260711,3,10000,90,72,18,0.333333333333333,0.442096800455258,1,4597724.54563835,132.028682970236,0,6.650303
0.050000,20260711,4,10000,90,72,18,0.222222222222222,0.487600852160911,1,4666969.44658808,132.368188312883,0,6.621978
0.050000,20260711,5,10000,90,72,18,0.166666666666667,0.512667197166728,1,4679418.56636811,131.686763275381,0,6.688526
0.050000,20260712,1,1,90,72,18,0.333333333333333,0.45290113159729,0.652777777777778,4533084.45276088,115.117913274184,1,6.627837
0.050000,20260712,2,1,90,72,18,0.111111111111111,0.434522723972464,0.638888888888889,4440878.74180735,113.657667228228,1,6.632382
0.050000,20260712,3,1,90,72,18,0.222222222222222,0.487600852160911,0.736111111111111,4618111.32265495,113.353071482562,1,6.602205
0.050000,20260712,4,1,90,72,18,0.277777777777778,0.435401637158057,0.625,4485772.17013896,113.35262682987,1,6.771699
0.050000,20260712,5,1,90,72,18,0.333333333333333,0.473299847115364,0.708333333333333,4401493.31302864,112.742944397764,1,6.723662
0.050000,20260712,1,10,90,72,18,0.333333333333333,0.502495471868777,0.902777777777778,4533164.58165577,125.016510865502,1,6.632908
0.050000,20260712,2,10,90,72,18,0.0555555555555556,0.523475269982228,0.930555555555556,4440961.86062823,128.278028726063,1,6.805369
0.050000,20260712,3,10,90,72,18,0.166666666666667,0.570683424292574,0.861111111111111,4618206.41092905,125.636233642704,1,6.708550
0.050000,20260712,4,10,90,72,18,0.222222222222222,0.395395424460556,0.930555555555556,4485858.19230905,126.546631294886,1,7.061847
0.050000,20260712,5,10,90,72,18,0.333333333333333,0.479680297972903,0.902777777777778,4401574.57117119,125.652525859036,1,6.620480
0.050000,20260712,1,100,90,72,18,0.222222222222222,0.324793332835295,1,4533965.87060466,132.040375840599,1,6.769117
0.050000,20260712,2,100,90,72,18,0.222222222222222,0.45545858316835,1,4441793.04883702,132.385367638827,1,6.627247
0.050000,20260712,3,100,90,72,18,0.333333333333333,0.473311604347484,1,4619157.29367008,129.824864386315,1,6.645594
0.050000,20260712,4,100,90,72,18,0.222222222222222,0.375122068232337,1,4486718.41401004,131.554603667111,1,6.628061
0.050000,20260712,5,100,90,72,18,0.388888888888889,0.407175414859021,1,4402387.15259678,132.25082615288,1,6.746059
0.050000,20260712,1,1000,90,72,18,0.333333333333333,0.45655866428214,1,4541978.76009358,129.878720039749,1,6.656580
0.050000,20260712,2,1000,90,72,18,0.111111111111111,0.483294339590564,1,4450104.93092491,134.228890117233,1,6.662825
0.050000,20260712,3,1000,90,72,18,0.277777777777778,0.534214254186426,1,4628666.12108038,131.377349262962,1,6.798012
0.050000,20260712,4,1000,90,72,18,0.333333333333333,0.363990915838971,1,4495320.63101986,130.039541000959,1,7.044153
0.050000,20260712,5,1000,90,72,18,0.388888888888889,0.578705066618824,1,4410512.96685269,133.162760932714,1,7.161855
0.050000,20260712,1,10000,90,72,18,0.333333333333333,0.442096800455258,1,4622107.65498271,129.942587748071,0,7.559206
0.050000,20260712,2,10000,90,72,18,0.111111111111111,0.483294339590564,1,4533223.75180387,134.507924496516,0,10.398071
0.050000,20260712,3,10000,90,72,18,0.333333333333333,0.487600852160911,1,4723754.39518336,133.01146021503,0,10.268060
0.050000,20260712,4,10000,90,72,18,0.222222222222222,0.332582979107264,1,4581342.80111811,129.934471092831,0,10.221078
0.050000,20260712,5,10000,90,72,18,0.388888888888889,0.604983161564623,1,4491771.10941173,132.920396976431,0,10.317343
0.050000,20260713,1,1,90,72,18,0.166666666666667,0.468176763049581,0.680555555555556,4385684.86570629,112.831486354811,1,10.195162
0.050000,20260713,2,1,90,72,18,0,0.571453073606668,0.638888888888889,4591360.74062095,114.571967447147,1,10.048460
0.050000,20260713,3,1,90,72,18,0.222222222222222,0.509448961229947,0.722222222222222,4490973.19520153,113.022091966311,1,10.177123
0.050000,20260713,4,1,90,72,18,0.166666666666667,0.435401637158057,0.708333333333333,4571174.1648022,112.583534712133,1,10.140116
0.050000,20260713,5,1,90,72,18,0.111111111111111,0.473311604347484,0.652777777777778,4639480.94382776,113.709868754227,1,10.491338
0.050000,20260713,1,10,90,72,18,0.166666666666667,0.488177248355449,0.902777777777778,4385778.4069601,124.931977827978,1,10.762988
0.050000,20260713,2,10,90,72,18,0.0555555555555556,0.451096495616751,0.888888888888889,4591459.97003601,128.160094011807,1,10.778176
0.050000,20260713,3,10,90,72,18,0.166666666666667,0.393584107637118,0.930555555555556,4491056.35534927,125.792261040006,1,10.243238
0.050000,20260713,4,10,90,72,18,0.277777777777778,0.49403805394953,0.833333333333333,4571259.30077879,123.552197653721,1,10.128580
0.050000,20260713,5,10,90,72,18,0.166666666666667,0.517525859768886,0.944444444444444,4639578.38638896,126.354950765509,1,10.120728
0.050000,20260713,1,100,90,72,18,0.222222222222222,0.431878716894283,1,4386713.81949825,133.951947699911,1,10.213789
0.050000,20260713,2,100,90,72,18,0.166666666666667,0.349150690387662,1,4592452.26418664,135.568324721772,1,10.171522
0.050000,20260713,3,100,90,72,18,0.166666666666667,0.290988632400371,1,4491887.95682661,133.026966728879,1,10.350936
0.050000,20260713,4,100,90,72,18,0.277777777777778,0.473311604347484,1,4572110.66054468,134.692559392957,1,10.364810
0.050000,20260713,5,100,90,72,18,0.166666666666667,0.45655866428214,1,4640552.81200096,132.628997230773,1,10.320951
0.050000,20260713,1,1000,90,72,18,0.222222222222222,0.386464528157139,1,4396067.94487977,134.452639442454,1,10.238329
0.050000,20260713,2,1000,90,72,18,0.222222222222222,0.416511790078588,1,4602375.20569291,132.708353909289,1,10.305269
0.050000,20260713,3,1000,90,72,18,0.166666666666667,0.381247797905274,1,4500203.97160008,132.95080249972,1,10.229226
0.050000,20260713,4,1000,90,72,18,0.277777777777778,0.451280361888692,1,4580624.25820351,134.710955841131,1,10.130991
0.050000,20260713,5,1000,90,72,18,0.111111111111111,0.429097348926083,1,4650297.06812092,132.980346441331,1,10.125844
0.050000,20260713,1,10000,90,72,18,0.166666666666667,0.479438453570143,1,4489609.19869499,134.840585858706,0,10.196024
0.050000,20260713,2,10000,90,72,18,0.222222222222222,0.416511790078588,1,4701604.62075556,132.777192208331,0,10.207015
0.050000,20260713,3,10000,90,72,18,0.166666666666667,0.381247797905274,1,4583364.11933477,132.930393558662,0,10.218397
0.050000,20260713,4,10000,90,72,18,0.222222222222222,0.408956228528911,1,4665760.2347918,134.324197033651,0,10.145394
0.050000,20260713,5,10000,90,72,18,0.111111111111111,0.450424054965063,1,4747739.62932056,133.132196231295,0,10.203783
0.050000,20260714,1,1,90,72,18,0,0.479181940006328,0.583333333333333,4444748.0919178,113.672934180583,1,10.144204
0.050000,20260714,2,1,90,72,18,0.0555555555555556,0.502767493017435,0.666666666666667,4613870.92729566,112.860128774917,1,10.193000
0.050000,20260714,3,1,90,72,18,0.111111111111111,0.347056839705367,0.583333333333333,4759064.96297349,113.551242779521,1,10.232703
0.050000,20260714,4,1,90,72,18,0.0555555555555556,0.414113790462462,0.694444444444444,4533458.7667569,114.498992988168,1,10.156667
0.050000,20260714,5,1,90,72,18,0.166666666666667,0.478950600136376,0.666666666666667,4569403.86545793,116.400331165731,1,10.283219
0.050000,20260714,1,10,90,72,18,0.0555555555555556,0.407175414859021,0.777777777777778,4444829.59684702,125.36633453962,1,10.316289
0.050000,20260714,2,10,90,72,18,0.0555555555555556,0.595116904025367,0.916666666666667,4613962.81719472,125.956918199864,1,10.207854
0.050000,20260714,3,10,90,72,18,0.111111111111111,0.507943718317223,0.763888888888889,4759161.94199233,123.925196316159,1,10.273377
0.050000,20260714,4,10,90,72,18,0.0555555555555556,0.352088408085918,0.916666666666667,4533538.16011588,127.625970766862,1,10.287327
0.050000,20260714,5,10,90,72,18,0.277777777777778,0.41222224280535,0.847222222222222,4569492.65669737,124.12921041269,1,10.234161
0.050000,20260714,1,100,90,72,18,0.166666666666667,0.370101906249271,1,4445644.64613922,135.39785941607,1,10.186524
0.050000,20260714,2,100,90,72,18,0.0555555555555556,0.567464823948264,1,4614881.71618533,132.559617973512,1,10.144128
0.050000,20260714,3,100,90,72,18,0.111111111111111,0.433461781491795,1,4760131.73218069,135.745405235727,1,10.193898
0.050000,20260714,4,100,90,72,18,0.166666666666667,0.442096800455258,1,4534332.0937057,134.062564124909,1,10.227014
0.050000,20260714,5,100,90,72,18,0.277777777777778,0.5,1,4570380.56909177,132.065995749259,1,10.196390
0.050000,20260714,1,1000,90,72,18,0.388888888888889,0.451096495616751,1,4453795.13906125,132.906911949016,1,10.108508
0.050000,20260714,2,1000,90,72,18,0.166666666666667,0.41311732856428,1,4624070.70609144,134.214416775459,1,10.172351
0.050000,20260714,3,1000,90,72,18,0,0.452425242234572,1,4769829.63406432,133.490372758759,1,10.118820
0.050000,20260714,4,1000,90,72,18,0.222222222222222,0.408956228528911,1,4542271.42960384,133.253640316238,1,10.198478
0.050000,20260714,5,1000,90,72,18,0.388888888888889,0.529793552306049,1,4579259.6930357,132.185292990731,1,10.309257
0.050000,20260714,1,10000,90,72,18,0.388888888888889,0.451096495616751,1,4535300.06828148,133.345898147833,0,10.299685
0.050000,20260714,2,10000,90,72,18,0.166666666666667,0.41311732856428,1,4715960.60515246,134.053602857417,0,10.328221
0.050000,20260714,3,10000,90,72,18,0,0.419060124811429,1,4866808.65290061,133.55941062238,0,10.365971
0.050000,20260714,4,10000,90,72,18,0.222222222222222,0.364175085884355,1,4621664.78858523,133.268103357247,0,10.219198
0.050000,20260714,5,10000,90,72,18,0.5,0.5,1,4668050.93247503,132.292502045686,0,10.224866
0.050000,20260715,1,1,90,72,18,0.111111111111111,0.554089475943526,0.666666666666667,4550982.63325955,114.754892237837,1,10.301996
0.050000,20260715,2,1,90,72,18,0.0555555555555556,0.41311732856428,0.583333333333333,4469863.76777802,117.181794120702,1,10.149460
0.050000,20260715,3,1,90,72,18,0.166666666666667,0.464856620013913,0.708333333333333,4622154.51701142,114.167725937533,1,10.187370
0.050000,20260715,4,1,90,72,18,0.111111111111111,0.567464823948264,0.666666666666667,4470536.19668794,115.97734330162,1,10.137648
0.050000,20260715,5,1,90,72,18,0.111111111111111,0.443800426080456,0.652777777777778,4512862.98567521,114.988198143689,1,10.159693
0.050000,20260715,1,10,90,72,18,0.111111111111111,0.470964709319022,0.875,4551081.52201386,128.192613785018,1,10.226301
0.050000,20260715,2,10,90,72,18,0.166666666666667,0.453737371173467,0.847222222222222,4469950.74225024,124.882147170074,1,10.244694
0.050000,20260715,3,10,90,72,18,0.111111111111111,0.404375059444036,0.888888888888889,4622242.00975899,125.463423035805,1,10.191232
0.050000,20260715,4,10,90,72,18,0.333333333333333,0.484011713102517,0.902777777777778,4470623.18882893,126.365473040866,1,10.100556
0.050000,20260715,5,10,90,72,18,0.166666666666667,0.356428038413023,0.944444444444444,4512982.0323923,125.753913667728,1,10.161960
0.050000,20260715,1,100,90,72,18,0.333333333333333,0.461633013042911,1,4552070.40955696,132.145442796335,1,10.212494
0.050000,20260715,2,100,90,72,18,0.222222222222222,0.507514252416549,1,4470820.4869724,129.628080326154,1,10.198399
0.050000,20260715,3,100,90,72,18,0.166666666666667,0.53568666611429,1,4623116.93723471,131.705272884191,1,10.483071
0.050000,20260715,4,100,90,72,18,0.277777777777778,0.568694494913058,1,4471493.11023881,132.143819239287,1,10.856490
0.050000,20260715,5,100,90,72,18,0.277777777777778,0.461116371636111,1,4514172.49956329,131.288932116233,1,10.406203
0.050000,20260715,1,1000,90,72,18,0.277777777777778,0.507514252416549,1,4561959.28498795,131.156460132731,1,10.274734
0.050000,20260715,2,1000,90,72,18,0.166666666666667,0.482298494586492,1,4479517.934194,129.857305014122,1,10.220771
0.050000,20260715,3,1000,90,72,18,0.111111111111111,0.439154635499518,1,4631866.21199185,133.157865104315,1,10.163747
0.050000,20260715,4,1000,90,72,18,0.277777777777778,0.56058921016527,1,4480192.3243376,131.256898074159,1,10.162362
0.050000,20260715,5,1000,90,72,18,0.388888888888889,0.570683424292574,1,4526077.17127313,130.654563153363,1,10.153987
0.050000,20260715,1,10000,90,72,18,0.277777777777778,0.507514252416549,1,4660848.03929783,131.160167406357,0,10.203436
0.050000,20260715,2,10000,90,72,18,0.111111111111111,0.509448961229947,1,4566492.40641004,130.180535786896,0,10.166713
0.050000,20260715,3,10000,90,72,18,0.166666666666667,0.477450950776883,1,4719358.95956333,132.713620949406,0,10.150643
0.050000,20260715,4,10000,90,72,18,0.277777777777778,0.622642765029228,1,4567184.46532553,130.988255052993,0,10.251154
0.050000,20260715,5,10000,90,72,18,0.388888888888889,0.570683424292574,1,4645123.88837154,130.659114354289,0,10.153167
0.050000,20260716,1,1,90,72,18,0.222222222222222,0.398248424529862,0.583333333333333,4465296.73425867,113.360468563613,1,10.341461
0.050000,20260716,2,1,90,72,18,0.166666666666667,0.430829508138235,0.638888888888889,4474431.76943456,113.420474940019,1,9.784428
0.050000,20260716,3,1,90,72,18,0.333333333333333,0.406428062067335,0.708333333333333,4517256.5108215,116.42164305015,1,8.467315
0.050000,20260716,4,1,90,72,18,0.111111111111111,0.483294339590564,0.652777777777778,4420300.13865334,113.98230689788,1,7.519326
0.050000,20260716,5,1,90,72,18,0.333333333333333,0.451096495616751,0.652777777777778,4534473.28496933,113.346646157945,1,6.787156
0.050000,20260716,1,10,90,72,18,0,0.48018321766451,0.875,4465383.593619,127.286106063244,1,6.801416
0.050000,20260716,2,10,90,72,18,0.111111111111111,0.462177263548139,0.75,4474518.83653586,125.129242728913,1,6.664905
0.050000,20260716,3,10,90,72,18,0.277777777777778,0.386464528157139,0.916666666666667,4517341.82142507,128.041335568702,1,6.680457
0.050000,20260716,4,10,90,72,18,0.0555555555555556,0.517525859768886,0.777777777777778,4420397.05987354,123.025752167503,1,6.721282
0.050000,20260716,5,10,90,72,18,0.0555555555555556,0.437317986289305,0.930555555555556,4534550.92120334,126.1963206843,1,6.716745
0.050000,20260716,1,100,90,72,18,0.222222222222222,0.503385748708678,1,4466252.18722235,134.155809997988,1,6.736753
0.050000,20260716,2,100,90,72,18,0.111111111111111,0.548021727831787,1,4475389.50754883,133.799347752314,1,6.720981
0.050000,20260716,3,100,90,72,18,0.388888888888889,0.398248424529862,1,4518194.92746084,135.165932630933,1,6.819706
0.050000,20260716,4,100,90,72,18,0.277777777777778,0.551154996878905,1,4421366.27207547,133.55788264379,1,6.642424
0.050000,20260716,5,100,90,72,18,0.111111111111111,0.453737371173467,1,4535327.2835434,132.320402499367,1,6.665536
0.050000,20260716,1,1000,90,72,18,0.222222222222222,0.40462353284047,1,4474938.12325582,132.586364240611,1,6.640959
0.050000,20260716,2,1000,90,72,18,0.166666666666667,0.395395424460556,1,4484096.21767857,134.199907015811,1,6.626451
0.050000,20260716,3,1000,90,72,18,0.222222222222222,0.45874976958557,1,4526725.98781852,133.495308909885,1,6.727557
0.050000,20260716,4,1000,90,72,18,0.277777777777778,0.622642765029228,1,4431058.39409478,133.165638030597,1,6.636317
0.050000,20260716,5,1000,90,72,18,0.111111111111111,0.445656311454218,1,4543090.90694401,132.447710638019,1,6.656483
0.050000,20260716,1,10000,90,72,18,0.277777777777778,0.414113790462462,1,4561797.48359058,132.754332769881,0,6.629330
0.050000,20260716,2,10000,90,72,18,0.166666666666667,0.381247797905274,1,4571163.31897599,134.265321685267,0,6.609046
0.050000,20260716,3,10000,90,72,18,0.222222222222222,0.45874976958557,1,4612036.59139533,133.42021416604,0,6.732296
0.050000,20260716,4,10000,90,72,18,0.277777777777778,0.578428509607827,1,4527979.61428791,133.410748083047,0,6.651383
0.050000,20260716,5,10000,90,72,18,0.111111111111111,0.425361784414062,1,4620727.14095011,132.90330691678,0,6.819146
0.050000,20260717,1,1,90,72,18,0.166666666666667,0.355625956794145,0.638888888888889,4721956.89770652,115.296801812879,1,6.667973
0.050000,20260717,2,1,90,72,18,0.333333333333333,0.591733901440607,0.680555555555556,4430362.47123125,113.779007905757,1,6.643704
0.050000,20260717,3,1,90,72,18,0.222222222222222,0.50823024732188,0.583333333333333,4513399.91852364,113.9776610507,1,6.663651
0.050000,20260717,4,1,90,72,18,0.277777777777778,0.509448961229947,0.680555555555556,4416388.72049756,113.425275949715,1,6.593924
0.050000,20260717,5,1,90,72,18,0.166666666666667,0.47038203726236,0.611111111111111,4429118.52901637,113.421240047255,1,6.664330
0.050000,20260717,1,10,90,72,18,0.277777777777778,0.327220654169133,0.819444444444444,4722037.34141961,126.424640233621,1,6.646755
0.050000,20260717,2,10,90,72,18,0.388888888888889,0.43703359573076,0.875,4430453.60508953,125.013602435711,1,6.652117
0.050000,20260717,3,10,90,72,18,0.222222222222222,0.470964709319022,0.930555555555556,4513496.01608209,126.069544778509,1,6.672164
0.050000,20260717,4,10,90,72,18,0.166666666666667,0.567464823948264,0.958333333333333,4416482.85425473,125.962434448149,1,6.656155
0.050000,20260717,5,10,90,72,18,0.222222222222222,0.373888971338772,0.930555555555556,4429213.22334185,126.856430814028,1,6.608498
0.050000,20260717,1,100,90,72,18,0.166666666666667,0.317762855099715,1,4722841.77855053,131.075383783809,1,6.644190
0.050000,20260717,2,100,90,72,18,0.5,0.503385748708679,1,4431364.94367239,131.722102815128,1,6.593477
0.050000,20260717,3,100,90,72,18,0.222222222222222,0.388619963003817,1,4514456.9916666,132.623497769173,1,6.701964
0.050000,20260717,4,100,90,72,18,0.166666666666667,0.462647008841276,1,4417424.1918264,132.387083319748,1,6.733193
0.050000,20260717,5,100,90,72,18,0.222222222222222,0.474839066689984,1,4430160.16659673,132.165003151166,1,6.688706
0.050000,20260717,1,1000,90,72,18,0.222222222222222,0.416511790078588,1,4730886.14985971,131.752580258066,1,6.675637
0.050000,20260717,2,1000,90,72,18,0.5,0.485945176380654,1,4440478.32950092,134.140056264474,1,6.687964
0.050000,20260717,3,1000,90,72,18,0.166666666666667,0.462177263548139,1,4524066.74751173,132.317030292862,1,6.590269
0.050000,20260717,4,1000,90,72,18,0.111111111111111,0.453737371173467,1,4426837.56754317,130.54913519357,1,6.781148
0.050000,20260717,5,1000,90,72,18,0.333333333333333,0.442096800455258,1,4439629.59914548,131.581782050778,1,6.599318
0.050000,20260717,1,10000,90,72,18,0.222222222222222,0.416511790078588,1,4811329.86295152,131.838664432116,0,6.682878
0.050000,20260717,2,10000,90,72,18,0.5,0.47499501061509,1,4531612.18778627,133.688899699283,0,6.604210
0.050000,20260717,3,10000,90,72,18,0.166666666666667,0.462177263548139,1,4620164.30596298,132.382123160562,0,7.123479
0.050000,20260717,4,10000,90,72,18,0.111111111111111,0.453737371173467,1,4520971.32471089,131.326539941283,0,7.076947
0.050000,20260717,5,10000,90,72,18,0.333333333333333,0.442096800455258,1,4534323.92463299,131.636263997018,0,7.730732
0.050000,20260718,1,1,90,72,18,0.333333333333333,0.453737371173467,0.708333333333333,4683735.78816576,114.301612506045,1,10.314600
0.050000,20260718,2,1,90,72,18,0.222222222222222,0.332582979107264,0.680555555555556,4526351.63858724,113.452006484296,1,10.366115
0.050000,20260718,3,1,90,72,18,0,0.486429094749179,0.625,4594936.8675569,115.11747372418,1,10.383715
0.050000,20260718,4,1,90,72,18,0.111111111111111,0.392823943313737,0.666666666666667,4512222.92367755,113.029984115353,1,10.378861
0.050000,20260718,5,1,90,72,18,0.166666666666667,0.49443420738071,0.638888888888889,4526690.89262198,114.357633321938,1,10.430644
0.050000,20260718,1,10,90,72,18,0.166666666666667,0.531401278241367,0.888888888888889,4683822.11189452,124.823969624532,1,10.178150
0.050000,20260718,2,10,90,72,18,0.222222222222222,0.355625956794145,0.958333333333333,4526453.46090796,126.773374084272,1,10.194246
0.050000,20260718,3,10,90,72,18,0.277777777777778,0.417664021354904,0.861111111111111,4595038.76342504,125.270103242635,1,10.134126
0.050000,20260718,4,10,90,72,18,0.111111111111111,0.448297388478169,0.916666666666667,4512323.71385149,124.555272619785,1,10.207058
0.050000,20260718,5,10,90,72,18,0.111111111111111,0.364867345067923,0.916666666666667,4526786.2309712,125.029335771539,1,10.236898
0.050000,20260718,1,100,90,72,18,0.222222222222222,0.358324065590898,1,4684685.34918205,132.102458604892,1,10.213125
0.050000,20260718,2,100,90,72,18,0.222222222222222,0.340018909146365,1,4527471.68411515,132.08470346483,1,10.221565
0.050000,20260718,3,100,90,72,18,0.166666666666667,0.333102802017,1,4596057.72210646,132.503092548683,1,10.182111
0.050000,20260718,4,100,90,72,18,0.111111111111111,0.379579736918227,1,4513331.61559087,130.472677517871,1,10.202093
0.050000,20260718,5,100,90,72,18,0.222222222222222,0.461633013042911,1,4527739.61446339,131.998382013135,1,10.210571
0.050000,20260718,1,1000,90,72,18,0.0555555555555556,0.561740127777763,1,4693317.72205733,131.001929297721,1,10.436625
0.050000,20260718,2,1000,90,72,18,0.222222222222222,0.386464528157139,1,4537653.91618706,131.954617385323,1,10.462827
0.050000,20260718,3,1000,90,72,18,0.277777777777778,0.448947215796015,1,4606247.30892057,130.602547812165,1,10.263505
0.050000,20260718,4,1000,90,72,18,0.0555555555555556,0.39007372263797,1,4523410.63298463,130.097948238483,1,10.299420
0.050000,20260718,5,1000,90,72,18,0.166666666666667,0.431878716894283,1,4537273.44938537,133.139962472735,1,10.381546
0.050000,20260718,1,10000,90,72,18,0.111111111111111,0.478950600136376,1,4779641.45081014,130.804036252647,0,10.416035
0.050000,20260718,2,10000,90,72,18,0.222222222222222,0.386464528157139,1,4639476.23690615,131.856146622032,0,10.205943
0.050000,20260718,3,10000,90,72,18,0.333333333333333,0.522707094368572,1,4708143.17706174,130.581355020228,0,10.126944
0.050000,20260718,4,10000,90,72,18,0.0555555555555556,0.39007372263797,1,4624200.80692229,130.0204251752,0,10.135082
0.050000,20260718,5,10000,90,72,18,0.166666666666667,0.431878716894283,1,4632611.79860515,132.664359136563,0,10.159817
0.050000,20260719,1,1,90,72,18,0.222222222222222,0.507943718317223,0.638888888888889,4475127.8894883,114.456014858342,1,10.263222
0.050000,20260719,2,1,90,72,18,0.222222222222222,0.420538669227767,0.611111111111111,4614535.71314233,115.386044571632,1,10.061423
0.050000,20260719,3,1,90,72,18,0.222222222222222,0.442096800455258,0.722222222222222,4587684.87129007,114.652743778092,1,10.166865
0.050000,20260719,4,1,90,72,18,0.166666666666667,0.36967599284642,0.722222222222222,4557479.39919039,112.777388778084,1,10.227030
0.050000,20260719,5,1,90,72,18,0.166666666666667,0.537652052933997,0.652777777777778,4594598.60020589,113.434510238082,1,10.203311
0.050000,20260719,1,10,90,72,18,0.222222222222222,0.311907211820626,0.833333333333333,4475225.9251944,125.220264655039,1,10.290076
0.050000,20260719,2,10,90,72,18,0.277777777777778,0.391364820745972,0.861111111111111,4614615.33860137,126.766664628901,1,10.252557
0.050000,20260719,3,10,90,72,18,0.277777777777778,0.429097348926083,0.861111111111111,4587774.79058533,124.484430263833,1,10.030765
0.050000,20260719,4,10,90,72,18,0.333333333333333,0.327220654169133,0.888888888888889,4557570.10641686,126.223967426994,1,10.396895
0.050000,20260719,5,10,90,72,18,0.277777777777778,0.456565921180655,0.819444444444444,4594685.93135687,124.177297291272,1,10.344802
0.050000,20260719,1,100,90,72,18,0.166666666666667,0.560202018920067,1,4476206.28225544,129.414957375028,1,10.507386
0.050000,20260719,2,100,90,72,18,0.0555555555555556,0.429948393606163,1,4615411.5931917,133.667328095226,1,10.269389
0.050000,20260719,3,100,90,72,18,0.277777777777778,0.35450232562661,1,4588673.98353798,130.613115204061,1,10.204785
0.050000,20260719,4,100,90,72,18,0.222222222222222,0.473311604347485,1,4558477.17868156,133.627618313758,1,10.148163
0.050000,20260719,5,100,90,72,18,0.222222222222222,0.561740115190287,1,4595559.24286665,131.18757640832,1,10.398201
0.050000,20260719,1,1000,90,72,18,0.166666666666667,0.523524084483697,1,4486009.85286589,129.540314438224,1,10.128733
0.050000,20260719,2,1000,90,72,18,0.0555555555555556,0.467799592859255,1,4623374.13909506,132.04619689588,1,10.187247
0.050000,20260719,3,1000,90,72,18,0.333333333333333,0.429097348926083,1,4597665.9130644,131.177856346536,1,10.126928
0.050000,20260719,4,1000,90,72,18,0.333333333333333,0.34897453716769,1,4567547.90132863,131.654612698903,1,10.076728
0.050000,20260719,5,1000,90,72,18,0.222222222222222,0.561740115190287,1,4604292.35796448,130.853748302111,1,10.165668
0.050000,20260719,1,10000,90,72,18,0.166666666666667,0.523524084483697,1,4584045.55897035,129.551223203579,0,10.162050
0.050000,20260719,2,10000,90,72,18,0.111111111111111,0.428128303142089,1,4702999.59812867,131.984033813702,0,10.197112
0.050000,20260719,3,10000,90,72,18,0.277777777777778,0.435401637158057,1,4687585.20832869,131.122930665523,0,10.347524
0.050000,20260719,4,10000,90,72,18,0.277777777777778,0.464993815228857,1,4658255.12779924,132.130236970622,0,10.184379
0.050000,20260719,5,10000,90,72,18,0.222222222222222,0.517525859768886,1,4691623.50894273,130.737053485208,0,10.268738
0.050000,20260720,1,1,90,72,18,0.333333333333333,0.416511790078588,0.694444444444444,4515310.17362278,114.949324019746,1,10.415372
0.050000,20260720,2,1,90,72,18,0.0555555555555556,0.550992712296837,0.583333333333333,4376446.73461488,115.580867249491,1,10.289507
0.050000,20260720,3,1,90,72,18,0.166666666666667,0.45655866428214,0.569444444444444,4401675.45653447,116.119615361899,1,10.412393
0.050000,20260720,4,1,90,72,18,0.111111111111111,0.488177248355449,0.666666666666667,4508176.90992788,113.24724916761,1,10.343986
0.050000,20260720,5,1,90,72,18,0.222222222222222,0.622642765029228,0.611111111111111,4583065.14793772,113.938006199297,1,8.643427
0.050000,20260720,1,10,90,72,18,0.388888888888889,0.485945176380654,0.930555555555556,4515402.84076671,126.558600935315,1,8.069396
0.050000,20260720,2,10,90,72,18,0.222222222222222,0.399099574928716,0.944444444444444,4376531.16143339,125.489172219436,1,6.917215
0.050000,20260720,3,10,90,72,18,0.166666666666667,0.443800426080456,0.833333333333333,4401766.73770942,125.075487328002,1,7.018541
0.050000,20260720,4,10,90,72,18,0.166666666666667,0.464634362662613,0.861111111111111,4508262.03728799,124.660488228763,1,6.874522
0.050000,20260720,5,10,90,72,18,0.111111111111111,0.60327933214107,0.930555555555556,4583165.90346303,128.964095988646,1,8.086620
0.050000,20260720,1,100,90,72,18,0.166666666666667,0.364175085884355,1,4516329.512206,132.242148687476,1,8.252475
0.050000,20260720,2,100,90,72,18,0.222222222222222,0.458305369756534,1,4377375.42961855,131.899620463929,1,8.186982
0.050000,20260720,3,100,90,72,18,0.222222222222222,0.41311732856428,1,4402679.54945893,131.230130517081,1,8.172128
0.050000,20260720,4,100,90,72,18,0.166666666666667,0.4132534296257,1,4509113.31088914,131.13353235334,1,8.319556
0.050000,20260720,5,100,90,72,18,0.222222222222222,0.511101465167107,1,4584173.45871612,133.024172995074,1,8.215930
0.050000,20260720,1,1000,90,72,18,0.166666666666667,0.347588745175324,1,4525596.22659888,130.150838416944,1,8.207058
0.050000,20260720,2,1000,90,72,18,0.333333333333333,0.453737371173467,1,4385818.11147008,131.668267457794,1,8.214891
0.050000,20260720,3,1000,90,72,18,0.222222222222222,0.479438453570142,1,4411807.66695399,132.146717509036,1,8.250024
0.050000,20260720,4,1000,90,72,18,0.277777777777778,0.509448961229947,1,4517626.04690059,133.189904934622,1,8.154374
0.050000,20260720,5,1000,90,72,18,0.277777777777778,0.58688267143572,1,4594249.01124705,132.114361565917,1,8.164220
0.050000,20260720,1,10000,90,72,18,0.166666666666667,0.347588745175324,1,4618263.37052769,130.102113820619,0,8.363433
0.050000,20260720,2,10000,90,72,18,0.277777777777778,0.399813395217713,1,4470244.92998542,131.701326319039,0,8.249020
0.050000,20260720,3,10000,90,72,18,0.277777777777778,0.429097348926083,1,4503088.84190463,132.322509325496,0,8.122863
0.050000,20260720,4,10000,90,72,18,0.222222222222222,0.517525859768886,1,4602753.40701508,132.926838787854,0,8.230381
0.050000,20260720,5,10000,90,72,18,0.277777777777778,0.551154996878905,1,4695004.53655628,131.965467572317,0,8.207363
0.050000,20260721,1,1,90,72,18,0.166666666666667,0.427361361332968,0.680555555555556,4590445.71333662,112.734621197258,1,8.046023
0.050000,20260721,2,1,90,72,18,0.166666666666667,0.341050339419994,0.736111111111111,4529793.58521409,112.807867422954,1,8.295442
0.050000,20260721,3,1,90,72,18,0.388888888888889,0.468927960694615,0.722222222222222,4541246.42030483,118.390934905573,1,8.209351
0.050000,20260721,4,1,90,72,18,0.166666666666667,0.420538669227767,0.666666666666667,4411714.17959316,115.754555286074,1,8.236937
0.050000,20260721,5,1,90,72,18,0.222222222222222,0.462371018700234,0.638888888888889,4560528.647287,112.388021998941,1,8.191485
0.050000,20260721,1,10,90,72,18,0.222222222222222,0.45874976958557,0.944444444444444,4590528.18394737,126.732611409133,1,8.119568
0.050000,20260721,2,10,90,72,18,0.111111111111111,0.315197536207033,0.944444444444444,4529888.82990711,125.360700635903,1,8.402547
0.050000,20260721,3,10,90,72,18,0.333333333333333,0.453737371173467,0.958333333333333,4541327.7901174,128.935907560131,1,8.155305
0.050000,20260721,4,10,90,72,18,0.222222222222222,0.395395424460556,0.944444444444444,4411808.0962616,126.714890704681,1,8.108915
0.050000,20260721,5,10,90,72,18,0.277777777777778,0.517525859768886,0.916666666666667,4560615.87300194,125.735665451936,1,7.824028
0.050000,20260721,1,100,90,72,18,0.277777777777778,0.487600852160911,1,4591352.89005491,132.149136297601,1,11.930444
0.050000,20260721,2,100,90,72,18,0.166666666666667,0.379758859509101,1,4530841.27683734,130.198200401181,1,6.931142
0.050000,20260721,3,100,90,72,18,0.222222222222222,0.354527626599083,1,4542141.48824317,131.483017036937,1,7.129989
0.050000,20260721,4,100,90,72,18,0.166666666666667,0.420538669227767,1,4412747.26294599,131.878018536933,1,6.798413
0.050000,20260721,5,100,90,72,18,0.222222222222222,0.49403805394953,1,4561488.13015133,134.145187082502,1,6.843201
0.050000,20260721,1,1000,90,72,18,0.388888888888889,0.479438453570143,1,4599599.95113027,130.481886752083,1,7.020808
0.050000,20260721,2,1000,90,72,18,0.111111111111111,0.455917924565343,1,4540365.74613965,128.559158116893,1,6.703556
0.050000,20260721,3,1000,90,72,18,0.277777777777778,0.370652561456942,1,4550278.46950081,129.718511523161,1,6.736322
0.050000,20260721,4,1000,90,72,18,0.166666666666667,0.440558246297256,1,4422138.92978989,131.231726956945,1,6.958849
0.050000,20260721,5,1000,90,72,18,0.166666666666667,0.517525859768886,1,4570210.7016453,132.907397866733,1,7.087854
0.050000,20260721,1,10000,90,72,18,0.388888888888889,0.479438453570143,1,4682070.56188384,130.406662154838,0,8.106258
0.050000,20260721,2,10000,90,72,18,0.166666666666667,0.490671488784254,1,4635610.43916272,128.392719245944,0,7.926158
0.050000,20260721,3,10000,90,72,18,0.277777777777778,0.370652561456942,1,4631648.2820772,129.309713787995,0,7.959283
0.050000,20260721,4,10000,90,72,18,0.0555555555555556,0.425513312748719,1,4516055.59822889,130.996593572268,0,8.062758
0.050000,20260721,5,10000,90,72,18,0.166666666666667,0.517525859768886,1,4657436.41658498,132.677956989494,0,7.893919
0.050000,20260722,1,1,90,72,18,0.166666666666667,0.409866234743467,0.694444444444444,4436427.30502611,114.31309317466,1,8.110162
0.050000,20260722,2,1,90,72,18,0.0555555555555556,0.466695604498678,0.638888888888889,4543153.46223131,113.975327796742,1,7.927146
0.050000,20260722,3,1,90,72,18,0.111111111111111,0.384883093504682,0.583333333333333,4529242.95583852,115.164546262749,1,8.035325
0.050000,20260722,4,1,90,72,18,0.111111111111111,0.57938309816537,0.722222222222222,4507350.48536292,115.73913875633,1,7.894508
0.050000,20260722,5,1,90,72,18,0.333333333333333,0.441913283526035,0.694444444444444,4433084.04677821,113.52178651511,1,8.079427
0.050000,20260722,1,10,90,72,18,0.222222222222222,0.387832930025778,0.916666666666667,4436507.29299718,126.261952416596,1,7.884731
0.050000,20260722,2,10,90,72,18,0.0555555555555556,0.317512447330496,0.930555555555556,4543237.54749609,130.498330745359,1,7.894484
0.050000,20260722,3,10,90,72,18,0.166666666666667,0.341050339419994,0.972222222222222,4529341.64307922,125.944574228339,1,8.113207
0.050000,20260722,4,10,90,72,18,0.166666666666667,0.391364820745972,0.805555555555556,4507458.44823223,125.28323864455,1,7.935329
0.050000,20260722,5,10,90,72,18,0.222222222222222,0.425313500700708,0.805555555555556,4433182.20654051,122.657368331542,1,8.134340
0.050000,20260722,1,100,90,72,18,0.166666666666667,0.479438453570143,1,4437307.17270791,133.410197304678,1,7.935853
0.050000,20260722,2,100,90,72,18,0.222222222222222,0.471624477451624,1,4544078.40014392,131.825905804004,1,8.492197
0.050000,20260722,3,100,90,72,18,0.0555555555555556,0.400641134124182,1,4530328.51548622,133.487393749488,1,8.108015
0.050000,20260722,4,100,90,72,18,0.277777777777778,0.51744182532314,1,4508538.07692533,133.125834858474,1,8.123079
0.050000,20260722,5,100,90,72,18,0.166666666666667,0.447935286376925,1,4434163.80416348,133.812991100599,1,7.934949
0.050000,20260722,1,1000,90,72,18,0.166666666666667,0.391364820745972,1,4445305.96981522,133.808768025782,1,8.100695
0.050000,20260722,2,1000,90,72,18,0.277777777777778,0.295285961462205,1,4552486.92662219,130.93097232217,1,7.995129
0.050000,20260722,3,1000,90,72,18,0,0.464993815228857,1,4540197.23955626,133.611131462187,1,7.907152
0.050000,20260722,4,1000,90,72,18,0.222222222222222,0.506579460593954,1,4519334.36385634,133.168243088619,1,8.014271
0.050000,20260722,5,1000,90,72,18,0.222222222222222,0.446401092118289,1,4443979.78039316,132.218618848768,1,7.896833
0.050000,20260722,1,10000,90,72,18,0.166666666666667,0.391364820745972,1,4525293.94088826,134.057579745245,0,8.045601
0.050000,20260722,2,10000,90,72,18,0.277777777777778,0.295285961462205,1,4636572.19140493,130.871525653206,0,7.858344
0.050000,20260722,3,10000,90,72,18,0,0.450424054965063,1,4638884.48025659,133.564614729703,0,8.082329
0.050000,20260722,4,10000,90,72,18,0.222222222222222,0.578029460508264,1,4627297.23316644,133.000110530428,0,7.929461
0.050000,20260722,5,10000,90,72,18,0.222222222222222,0.446401092118289,1,4542139.54268999,132.272744774024,0,8.101185
0.050000,20260723,1,1,90,72,18,0.222222222222222,0.535645099753568,0.666666666666667,4408243.04602437,112.544159610006,1,7.869485
0.050000,20260723,2,1,90,72,18,0.277777777777778,0.404530289148743,0.708333333333333,4441537.66102785,114.269718694292,1,7.923463
0.050000,20260723,3,1,90,72,18,0.166666666666667,0.415751773669273,0.555555555555556,4593098.65938516,114.446638487865,1,7.868820
0.050000,20260723,4,1,90,72,18,0.0555555555555556,0.433461781491795,0.652777777777778,4644267.9831199,114.040136538859,1,7.819583
0.050000,20260723,5,1,90,72,18,0.333333333333333,0.418321285428533,0.694444444444444,4533370.01037337,112.71538355892,1,8.138067
0.050000,20260723,1,10,90,72,18,0.0555555555555556,0.572268040456241,0.861111111111111,4408326.14741396,123.490179092894,1,7.875896
0.050000,20260723,2,10,90,72,18,0.277777777777778,0.395187861255483,0.902777777777778,4441628.30024192,125.659309682923,1,8.026327
0.050000,20260723,3,10,90,72,18,0.166666666666667,0.473311604347484,0.916666666666667,4593194.48586737,128.286010944828,1,7.939516
0.050000,20260723,4,10,90,72,18,0.111111111111111,0.479680297972903,0.75,4644352.04490554,123.958339665413,1,8.162855
0.050000,20260723,5,10,90,72,18,0.333333333333333,0.450629016666652,0.847222222222222,4533454.89316008,124.937332112376,1,7.884870
0.050000,20260723,1,100,90,72,18,0.222222222222222,0.557914181820623,1,4409157.16130992,133.642200997712,1,8.094144
0.050000,20260723,2,100,90,72,18,0.333333333333333,0.384883093504682,1,4442534.69238268,133.227270946252,1,7.850664
0.050000,20260723,3,100,90,72,18,0,0.404850484469145,1,4594152.75068946,130.510622459598,1,7.891133
0.050000,20260723,4,100,90,72,18,0.0555555555555556,0.487600852160911,1,4645192.66276198,133.290990198336,1,8.239957
0.050000,20260723,5,100,90,72,18,0.277777777777778,0.533317941175588,1,4534303.72102711,131.855225393544,1,7.859645
0.050000,20260723,1,1000,90,72,18,0.5,0.624986023070331,1,4417467.30026948,132.123300179926,1,8.134745
0.050000,20260723,2,1000,90,72,18,0.222222222222222,0.442096800455258,1,4451598.61379031,133.67837321105,1,7.848842
0.050000,20260723,3,1000,90,72,18,0.0555555555555556,0.49613266171005,1,4603735.39891038,130.170353779465,1,8.026161
0.050000,20260723,4,1000,90,72,18,0.111111111111111,0.622642765029228,1,4653598.84132632,133.244739383026,1,7.857571
0.050000,20260723,5,1000,90,72,18,0.388888888888889,0.470639733630955,1,4542791.99969747,132.080118909654,1,8.139926
0.050000,20260723,1,10000,90,72,18,0.444444444444444,0.588080799107136,1,4500568.68986507,132.138667310325,0,7.856161
0.050000,20260723,2,10000,90,72,18,0.166666666666667,0.363196056996129,1,4542237.82786661,132.155583253871,0,7.886806
0.050000,20260723,3,10000,90,72,18,0.0555555555555556,0.49613266171005,1,4699561.88111956,130.089505452872,0,8.064641
0.050000,20260723,4,10000,90,72,18,0.111111111111111,0.562170559128943,1,4737660.62696976,132.94056867716,0,8.591164
0.050000,20260723,5,10000,90,72,18,0.388888888888889,0.470639733630955,1,4627674.78640107,132.007153328215,0,9.938928
0.050000,20260724,1,1,90,72,18,0.166666666666667,0.452006679865013,0.652777777777778,4583651.95047225,115.457064534578,1,12.309265
0.050000,20260724,2,1,90,72,18,0.166666666666667,0.45655866428214,0.569444444444444,4505193.35638507,113.953629287074,1,12.004223
0.050000,20260724,3,1,90,72,18,0.166666666666667,0.493466858301324,0.625,4441047.07157358,113.36993254654,1,12.225704
0.050000,20260724,4,1,90,72,18,0.111111111111111,0.591504985872016,0.583333333333333,4499530.75606696,116.689937489134,1,12.242675
0.050000,20260724,5,1,90,72,18,0.166666666666667,0.392797994048272,0.680555555555556,4503672.0411642,114.742258076675,1,12.002991
0.050000,20260724,1,10,90,72,18,0.111111111111111,0.499568132368096,0.986111111111111,4583757.70850201,127.53318282416,1,12.615257
0.050000,20260724,2,10,90,72,18,0.111111111111111,0.356199573919545,0.722222222222222,4505276.62504208,125.070869589257,1,12.095784
0.050000,20260724,3,10,90,72,18,0.111111111111111,0.510499885325902,0.847222222222222,4441146.49173174,127.124388317652,1,12.089073
0.050000,20260724,4,10,90,72,18,0.111111111111111,0.483456319119383,0.944444444444444,4499629.01561056,126.407535442676,1,12.175253
0.050000,20260724,5,10,90,72,18,0.222222222222222,0.440103536184442,0.930555555555556,4503767.60380853,126.468027494127,1,12.217188
0.050000,20260724,1,100,90,72,18,0.222222222222222,0.4473894566529,1,4584815.2887996,131.148443135909,1,11.979009
0.050000,20260724,2,100,90,72,18,0,0.36967599284642,1,4506109.31161216,132.547185040986,1,12.249918
0.050000,20260724,3,100,90,72,18,0.5,0.571398755216195,1,4442140.69331339,134.227443079807,1,12.159951
0.050000,20260724,4,100,90,72,18,0.222222222222222,0.548021727831787,1,4500611.61104659,131.779275329387,1,12.017379
0.050000,20260724,5,100,90,72,18,0.166666666666667,0.395187861255483,1,4504723.23025192,131.528681153723,1,12.108057
0.050000,20260724,1,1000,90,72,18,0.222222222222222,0.4473894566529,1,4595391.0917755,131.23794209799,1,12.330794
0.050000,20260724,2,1000,90,72,18,0.111111111111111,0.384883093504682,1,4514436.17731298,131.718123650702,1,11.984420
0.050000,20260724,3,1000,90,72,18,0.5,0.606742519207691,1,4452082.70912986,134.069682213354,1,12.199650
0.050000,20260724,4,1000,90,72,18,0.277777777777778,0.552677363501348,1,4510437.5654069,130.10143979013,1,12.250359
0.050000,20260724,5,1000,90,72,18,0.166666666666667,0.379758859509101,1,4514279.49468574,131.756570523197,1,12.014585
0.050000,20260724,1,10000,90,72,18,0.222222222222222,0.4473894566529,1,4701149.12153449,131.276407232045,0,12.409358
0.050000,20260724,2,10000,90,72,18,0.111111111111111,0.384883093504682,1,4597704.83432116,131.945768421542,0,12.151839
0.050000,20260724,3,10000,90,72,18,0.555555555555556,0.620343036542193,1,4551502.86729456,134.102962757341,0,12.026138
0.050000,20260724,4,10000,90,72,18,0.277777777777778,0.552677363501348,1,4608697.10901001,130.060610371165,0,12.220803
0.050000,20260724,5,10000,90,72,18,0.166666666666667,0.379758859509101,1,4609842.13902399,131.694449398845,0,11.995803
0.050000,20260725,1,1,90,72,18,0.277777777777778,0.60327933214107,0.597222222222222,4360787.98628559,113.851854473068,1,11.960678
0.050000,20260725,2,1,90,72,18,0.222222222222222,0.529793552306049,0.666666666666667,4486869.32370526,113.982428479285,1,12.064333
0.050000,20260725,3,1,90,72,18,0.111111111111111,0.327220654169133,0.736111111111111,4505394.60329373,113.066660454948,1,12.119403
0.050000,20260725,4,1,90,72,18,0.0555555555555556,0.45655866428214,0.652777777777778,4506908.3978256,112.738650642584,1,12.045716
0.050000,20260725,5,1,90,72,18,0.0555555555555556,0.577104381377554,0.652777777777778,4595379.69235239,114.067869106497,1,12.138164
0.050000,20260725,1,10,90,72,18,0.333333333333333,0.487600852160911,0.833333333333333,4360873.66274583,124.017857779512,1,12.200212
0.050000,20260725,2,10,90,72,18,0.166666666666667,0.485945176380654,0.958333333333333,4486960.02427413,126.00063156864,1,11.983558
0.050000,20260725,3,10,90,72,18,0.0555555555555556,0.473311604347484,0.916666666666667,4505481.06163818,125.282096972569,1,12.091817
0.050000,20260725,4,10,90,72,18,0.0555555555555556,0.408956228528911,0.944444444444444,4506994.76145857,125.924730955687,1,11.996399
0.050000,20260725,5,10,90,72,18,0.111111111111111,0.545603280595265,0.75,4595469.71393567,123.981181308523,1,11.974753
0.050000,20260725,1,100,90,72,18,0.333333333333333,0.573641928231445,1,4361730.42734823,132.188825495237,1,12.119360
0.050000,20260725,2,100,90,72,18,0.222222222222222,0.527563393442223,1,4487867.02996281,132.490921590569,1,12.132235
0.050000,20260725,3,100,90,72,18,0.166666666666667,0.331596319988399,1,4506345.64508268,131.49730471608,1,11.878722
0.050000,20260725,4,100,90,72,18,0.166666666666667,0.443800426080456,1,4507858.39778831,131.271596615934,1,12.413730
0.050000,20260725,5,100,90,72,18,0.277777777777778,0.563849300961569,1,4596369.92976848,131.189564224782,1,12.360133
0.050000,20260725,1,1000,90,72,18,0.111111111111111,0.650590895133087,1,4370298.07337223,132.887426934327,1,12.103166
0.050000,20260725,2,1000,90,72,18,0.166666666666667,0.560202018920067,1,4496937.08684957,132.094714962801,1,12.166384
0.050000,20260725,3,1000,90,72,18,0.222222222222222,0.485945176380654,1,4514991.47952776,131.29545613024,1,12.140293
0.050000,20260725,4,1000,90,72,18,0.166666666666667,0.317762855099715,1,4516494.76108572,132.380722714078,1,12.005400
0.050000,20260725,5,1000,90,72,18,0.277777777777778,0.507920191166651,1,4605372.08809662,130.864788143067,1,10.910211
0.050000,20260725,1,10000,90,72,18,0.166666666666667,0.626352849741759,1,4455974.53361217,132.791635067173,0,9.505660
0.050000,20260725,2,10000,90,72,18,0.166666666666667,0.560202018920067,1,4587637.65571723,131.420397384962,0,8.448418
0.050000,20260725,3,10000,90,72,18,0.222222222222222,0.498518513818023,1,4601449.82397855,131.333103450523,0,7.917624
0.050000,20260725,4,10000,90,72,18,0.166666666666667,0.384883093504682,1,4602858.39405984,132.200371496278,0,8.100039
0.050000,20260725,5,10000,90,72,18,0.277777777777778,0.507920191166651,1,4695393.67137796,130.903893386564,0,7.917619
0.050000,20260726,1,1,90,72,18,0.111111111111111,0.358324065590898,0.625,4552796.53305762,113.615505030227,1,8.009095
0.050000,20260726,2,1,90,72,18,0.166666666666667,0.407175414859021,0.652777777777778,4374252.30358366,115.54638316505,1,7.888325
0.050000,20260726,3,1,90,72,18,0.0555555555555556,0.45290113159729,0.694444444444444,4475160.87860013,115.961086169914,1,8.110346
0.050000,20260726,4,1,90,72,18,0.166666666666667,0.473311604347484,0.680555555555556,4564556.12236772,114.711681201327,1,7.950657
0.050000,20260726,5,1,90,72,18,0.222222222222222,0.369870534295634,0.652777777777778,4551275.4012397,113.106502114419,1,7.879213
0.050000,20260726,1,10,90,72,18,0.111111111111111,0.420538669227767,0.944444444444444,4552886.76127868,125.858835374959,1,8.279593
0.050000,20260726,2,10,90,72,18,0.166666666666667,0.453737371173467,0.902777777777778,4374340.36783207,125.737405597552,1,7.911273
0.050000,20260726,3,10,90,72,18,0.111111111111111,0.515420876275511,0.930555555555556,4475245.36046699,127.14648643474,1,8.048188
0.050000,20260726,4,10,90,72,18,0.111111111111111,0.491971244115869,0.902777777777778,4564652.24956184,125.487831443595,1,7.880605
0.050000,20260726,5,10,90,72,18,0.111111111111111,0.477292905631428,0.888888888888889,4551362.97651451,124.350433278657,1,8.047183
0.050000,20260726,1,100,90,72,18,0.166666666666667,0.429097348926083,1,4553789.04348931,130.20569958196,1,7.905018
0.050000,20260726,2,100,90,72,18,0.333333333333333,0.604983161564623,1,4375221.01031618,133.667758067757,1,8.036824
0.050000,20260726,3,100,90,72,18,0.166666666666667,0.478950600136376,1,4476090.17913561,131.369111789132,1,7.952345
0.050000,20260726,4,100,90,72,18,0.277777777777778,0.509448961229947,1,4565613.52150307,133.178859594782,1,7.801359
0.050000,20260726,5,100,90,72,18,0.111111111111111,0.464993815228857,1,4552238.72926264,133.159622663145,1,8.007070
0.050000,20260726,1,1000,90,72,18,0.111111111111111,0.529793552306049,1,4562811.86559558,130.292729559721,1,7.814378
0.050000,20260726,2,1000,90,72,18,0.444444444444444,0.596595637201797,1,4384027.43515731,133.954325303561,1,8.112683
0.050000,20260726,3,1000,90,72,18,0.222222222222222,0.333614292443267,1,4484538.36582177,131.713963398107,1,7.862648
0.050000,20260726,4,1000,90,72,18,0.333333333333333,0.534214254186425,1,4575226.24091533,132.554275034972,1,8.002493
0.050000,20260726,5,1000,90,72,18,0.111111111111111,0.47247180912888,1,4560996.25674396,131.568832416088,1,7.895220
0.050000,20260726,1,10000,90,72,18,0.166666666666667,0.511101465167107,1,4653040.08665828,130.287878152576,0,8.033815
0.050000,20260726,2,10000,90,72,18,0.444444444444444,0.596595637201797,1,4472091.68356863,133.605923866527,0,7.861612
0.050000,20260726,3,10000,90,72,18,0.222222222222222,0.399099574928716,1,4569020.23268341,131.720803416363,0,7.891223
0.050000,20260726,4,10000,90,72,18,0.333333333333333,0.534214254186425,1,4671353.43503801,132.500457073489,0,8.100430
0.050000,20260726,5,10000,90,72,18,0.111111111111111,0.395443910346862,1,4648571.5315571,132.282284923066,0,7.812106
0.050000,20260727,1,1,90,72,18,0.0555555555555556,0.483294339590564,0.680555555555556,4605656.04801707,113.604010489235,1,8.094873
0.050000,20260727,2,1,90,72,18,0.111111111111111,0.391364820745972,0.666666666666667,4548551.37477405,114.332019267554,1,7.866025
0.050000,20260727,3,1,90,72,18,0.111111111111111,0.462371018700234,0.652777777777778,4727586.89781695,113.69819885417,1,8.018458
0.050000,20260727,4,1,90,72,18,0.0555555555555556,0.462177263548139,0.708333333333333,4635547.32044186,115.20343189279,1,7.954488
0.050000,20260727,5,1,90,72,18,0.166666666666667,0.473311604347484,0.722222222222222,4629992.3127929,114.866421042157,1,8.036674
0.050000,20260727,1,10,90,72,18,0.111111111111111,0.443800426080456,0.875,4605747.77173155,127.947247703358,1,7.850366
0.050000,20260727,2,10,90,72,18,0.111111111111111,0.415751773669273,0.944444444444444,4548636.94212023,128.210193722911,1,7.880643
0.050000,20260727,3,10,90,72,18,0.111111111111111,0.416511790078588,0.791666666666667,4727677.66293947,126.156373768424,1,8.032230
0.050000,20260727,4,10,90,72,18,0.111111111111111,0.364867345067923,0.875,4635637.773464,127.086536889615,1,7.920731
0.050000,20260727,5,10,90,72,18,0.0555555555555556,0.479680297972903,0.888888888888889,4630084.11839515,128.08514562774,1,8.068997
0.050000,20260727,1,100,90,72,18,0.111111111111111,0.39477588128782,1,4606665.00887632,134.863825541301,1,8.013905
0.050000,20260727,2,100,90,72,18,0.111111111111111,0.432695757296087,1,4549492.615582,132.431387058577,1,8.751620
0.050000,20260727,3,100,90,72,18,0.111111111111111,0.422939310769436,1,4728585.31416473,131.552356975836,1,10.737143
0.050000,20260727,4,100,90,72,18,0.166666666666667,0.530883889970655,1,4636542.30368532,131.586738558667,1,12.268134
0.050000,20260727,5,100,90,72,18,0.166666666666667,0.569491658367237,1,4631002.17441768,132.204123346193,1,12.291345
0.050000,20260727,1,1000,90,72,18,0.166666666666667,0.489999998765024,1,4615837.38032404,132.972173346878,1,11.926303
0.050000,20260727,2,1000,90,72,18,0.222222222222222,0.473311604347484,1,4558049.35019973,133.971912932699,1,12.344767
0.050000,20260727,3,1000,90,72,18,0.0555555555555556,0.388803610172101,1,4737661.82641732,131.985847770819,1,12.255520
0.050000,20260727,4,1000,90,72,18,0.166666666666667,0.498518513818024,1,4645587.60589858,131.152002175913,1,12.134997
0.050000,20260727,5,1000,90,72,18,0.277777777777778,0.69016200357679,1,4640182.73464301,132.73133444658,1,12.433033
0.050000,20260727,1,10000,90,72,18,0.166666666666667,0.445785743343623,1,4707561.09480126,132.782156744401,0,12.302017
0.050000,20260727,2,10000,90,72,18,0.166666666666667,0.437563774121691,1,4643616.69637697,134.055728175174,0,11.935581
0.050000,20260727,3,10000,90,72,18,0.0555555555555556,0.388803610172101,1,4828426.94894323,131.700125376744,0,12.280614
0.050000,20260727,4,10000,90,72,18,0.166666666666667,0.498518513818024,1,4736040.62803119,131.283355644554,0,12.165569
0.050000,20260727,5,10000,90,72,18,0.277777777777778,0.622642765029228,1,4731988.33689631,132.407346108162,0,12.083425
0.050000,20260728,1,1,90,72,18,0.444444444444444,0.626352849741759,0.694444444444444,4565311.331429,114.509438485603,1,12.233332
0.050000,20260728,2,1,90,72,18,0.444444444444444,0.453737371173467,0.694444444444444,4509346.56695533,115.929309140679,1,12.257813
0.050000,20260728,3,1,90,72,18,0.166666666666667,0.58688267143572,0.722222222222222,4493080.32915016,113.991608498215,1,12.060464
0.050000,20260728,4,1,90,72,18,0.111111111111111,0.429097348926083,0.805555555555556,4483944.34434131,113.174333219631,1,12.268665
0.050000,20260728,5,1,90,72,18,0.166666666666667,0.409866234743467,0.75,4452083.949497,113.181092311851,1,11.068637
0.050000,20260728,1,10,90,72,18,0.277777777777778,0.641341882279302,0.875,4565391.34922668,125.427580486967,1,9.545512
0.050000,20260728,2,10,90,72,18,0.222222222222222,0.477292905631428,0.902777777777778,4509433.1109507,124.101579111863,1,8.226544
0.050000,20260728,3,10,90,72,18,0,0.506713979393981,0.986111111111111,4493169.11013122,125.776677936275,1,8.344154
0.050000,20260728,4,10,90,72,18,0.111111111111111,0.458813668662721,0.958333333333333,4484030.56927677,124.547196402426,1,8.050761
0.050000,20260728,5,10,90,72,18,0.277777777777778,0.499568132368096,0.986111111111111,4452172.92372569,126.549750976723,1,8.243028
0.050000,20260728,1,100,90,72,18,0.222222222222222,0.610676102509947,1,4566191.5272034,131.715299868397,1,7.935470
0.050000,20260728,2,100,90,72,18,0.333333333333333,0.473311604347484,1,4510298.55090442,129.53769047945,1,8.162317
0.050000,20260728,3,100,90,72,18,0.0555555555555556,0.515420876275511,1,4494056.91994182,129.471995617467,1,8.036912
0.050000,20260728,4,100,90,72,18,0.0555555555555556,0.473311604347484,1,4484892.81863136,132.402981829006,1,7.984884
0.050000,20260728,5,100,90,72,18,0.111111111111111,0.541669209876999,1,4453062.66601264,133.093721433986,1,8.147721
0.050000,20260728,1,1000,90,72,18,0.222222222222222,0.610676102509947,1,4574193.30697068,131.66739007549,1,8.009389
0.050000,20260728,2,1000,90,72,18,0.277777777777778,0.440558246297256,1,4518952.95044162,129.257689852346,1,8.206290
0.050000,20260728,3,1000,90,72,18,0.0555555555555556,0.407175414859021,1,4502935.01804783,131.821839121734,1,7.940228
0.050000,20260728,4,1000,90,72,18,0.166666666666667,0.516567634223983,1,4493515.31217725,131.273473015027,1,8.174764
0.050000,20260728,5,1000,90,72,18,0.166666666666667,0.347324919245073,1,4461960.08888208,131.833271402844,1,7.948314
0.050000,20260728,1,10000,90,72,18,0.222222222222222,0.617994941773632,1,4654211.10464348,131.22325822908,0,8.199661
0.050000,20260728,2,10000,90,72,18,0.277777777777778,0.440558246297256,1,4605496.94581366,129.197821578246,0,7.974662
0.050000,20260728,3,10000,90,72,18,0.111111111111111,0.483294339590564,1,4591715.99910796,132.233826518029,0,8.219577
0.050000,20260728,4,10000,90,72,18,0.166666666666667,0.50823024732188,1,4579740.24763617,130.981036523857,0,7.935470
0.050000,20260728,5,10000,90,72,18,0.166666666666667,0.347324919245073,1,4550934.31757655,131.593115418077,0,7.946892
0.050000,20260729,1,1,90,72,18,0.0555555555555556,0.383864319496621,0.680555555555556,4524282.8958803,112.69029492176,1,8.196911
0.050000,20260729,2,1,90,72,18,0.222222222222222,0.464993815228857,0.75,4523079.36493108,114.158970696218,1,7.903393
0.050000,20260729,3,1,90,72,18,0.277777777777778,0.409866234743467,0.666666666666667,4484686.69588308,113.573216069925,1,8.138758
0.050000,20260729,4,1,90,72,18,0.166666666666667,0.453737371173467,0.722222222222222,4515047.36135048,112.267577783168,1,7.999756
0.050000,20260729,5,1,90,72,18,0.166666666666667,0.395187861255483,0.75,4605156.9727594,113.11832875707,1,8.282046
0.050000,20260729,1,10,90,72,18,0.166666666666667,0.346503798019298,0.944444444444444,4524374.58035715,125.715399215702,1,8.040842
0.050000,20260729,2,10,90,72,18,0.222222222222222,0.479438453570143,0.902777777777778,4523171.55955004,124.413077335752,1,8.216081
0.050000,20260729,3,10,90,72,18,0.111111111111111,0.495206804487511,0.805555555555556,4484780.03447782,125.244211055065,1,7.958275
0.050000,20260729,4,10,90,72,18,0.222222222222222,0.388619963003817,0.958333333333333,4515138.78684871,124.160060835624,1,8.168725
0.050000,20260729,5,10,90,72,18,0.0555555555555556,0.430961361855894,0.902777777777778,4605256.11922316,126.479485658725,1,8.005864
0.050000,20260729,1,100,90,72,18,0.111111111111111,0.485945176380654,1,4525291.42512573,129.691235180438,1,7.967214
0.050000,20260729,2,100,90,72,18,0.277777777777778,0.417640547702297,1,4524093.50573958,130.85472500597,1,8.198120
0.050000,20260729,3,100,90,72,18,0.222222222222222,0.347328004333887,1,4485713.42042518,132.447983119527,1,7.951078
0.050000,20260729,4,100,90,72,18,0.333333333333333,0.560202018920067,1,4516053.04183104,130.303839293271,1,8.191348
0.050000,20260729,5,100,90,72,18,0.277777777777778,0.498518513818023,1,4606247.58386068,130.599578217988,1,8.032227
0.050000,20260729,1,1000,90,72,18,0.111111111111111,0.41311732856428,1,4534459.87281152,128.801743150981,1,8.084716
0.050000,20260729,2,1000,90,72,18,0.333333333333333,0.478950600136376,1,4533312.96763498,131.484276311945,1,7.902266
0.050000,20260729,3,1000,90,72,18,0.388888888888889,0.435401637158057,1,4495047.27989885,131.733764730241,1,8.174738
0.050000,20260729,4,1000,90,72,18,0.333333333333333,0.481773132290394,1,4525195.59165436,132.671996533595,1,8.036308
0.050000,20260729,5,1000,90,72,18,0.166666666666667,0.506713979393981,1,4616162.23023591,130.243040675279,1,8.163910
0.050000,20260729,1,10000,90,72,18,0.111111111111111,0.41311732856428,1,4626144.34966936,128.739397326603,0,8.162515
0.050000,20260729,2,10000,90,72,18,0.333333333333333,0.478950600136376,1,4625507.58658897,131.683427094782,0,7.932871
0.050000,20260729,3,10000,90,72,18,0.388888888888889,0.429097348926083,1,4588385.87463557,131.726716467725,0,8.104594
0.050000,20260729,4,10000,90,72,18,0.333333333333333,0.481773132290394,1,4616621.08988748,132.670680678133,0,7.914314
0.050000,20260729,5,10000,90,72,18,0.111111111111111,0.429097348926083,1,4715308.69398819,129.971362947642,0,8.179904
0.050000,20260730,1,1,90,72,18,0.277777777777778,0.45874976958557,0.666666666666667,4470533.27308283,113.454951917937,1,7.940121
0.050000,20260730,2,1,90,72,18,0.166666666666667,0.295285961462205,0.625,4550311.79532851,114.393840722473,1,8.823787
0.050000,20260730,3,1,90,72,18,0.333333333333333,0.567464823948264,0.583333333333333,4522575.03932084,113.989435974803,1,8.088185
0.050000,20260730,4,1,90,72,18,0.222222222222222,0.364175085884355,0.597222222222222,4557848.25008316,114.82497645668,1,11.367005
0.050000,20260730,5,1,90,72,18,0.333333333333333,0.409866234743467,0.638888888888889,4405237.53141613,112.227748691267,1,12.065713
0.050000,20260730,1,10,90,72,18,0.0555555555555556,0.408088875221772,0.972222222222222,4470623.42921241,125.05041940754,1,12.152871
0.050000,20260730,2,10,90,72,18,0.0555555555555556,0.518911066094208,0.916666666666667,4550400.90595655,126.963642903972,1,9.876720
0.050000,20260730,3,10,90,72,18,0.222222222222222,0.543007595353022,0.847222222222222,4522659.4749404,124.584182099728,1,8.946424
0.050000,20260730,4,10,90,72,18,0.166666666666667,0.378554816368559,0.888888888888889,4557933.39272633,123.515715889867,1,8.222937
0.050000,20260730,5,10,90,72,18,0.166666666666667,0.579996008492072,0.861111111111111,4405335.32346042,124.586310541912,1,8.133185
0.050000,20260730,1,100,90,72,18,0.333333333333333,0.38674034531908,1,4471524.99050823,132.089542578228,1,8.001063
0.050000,20260730,2,100,90,72,18,0.222222222222222,0.51639666070535,1,4551292.012237,131.018564930903,1,8.002976
0.050000,20260730,3,100,90,72,18,0.333333333333333,0.481773132290395,1,4523503.83113597,132.314057921691,1,8.192775
0.050000,20260730,4,100,90,72,18,0.333333333333333,0.384883093504682,1,4558784.81915808,131.680145473446,1,7.992168
0.050000,20260730,5,100,90,72,18,0.277777777777778,0.429097348926083,1,4406313.24390328,132.316697085618,1,8.234834
0.050000,20260730,1,1000,90,72,18,0.277777777777778,0.425361784414062,1,4480540.60346637,130.473903625274,1,8.004773
0.050000,20260730,2,1000,90,72,18,0.222222222222222,0.472845676581186,1,4560203.07504152,130.510139917076,1,8.116983
0.050000,20260730,3,1000,90,72,18,0.5,0.578428509607827,1,4531947.39309173,132.448532900081,1,7.954232
0.050000,20260730,4,1000,90,72,18,0.166666666666667,0.417640547702297,1,4567299.08347549,131.160293095582,1,8.173572
0.050000,20260730,5,1000,90,72,18,0.166666666666667,0.369477811339354,1,4416092.44833185,131.221348350847,1,8.000768
0.050000,20260730,1,10000,90,72,18,0.277777777777778,0.425361784414062,1,4570696.73304775,130.462754587931,0,8.079024
0.050000,20260730,2,10000,90,72,18,0.222222222222222,0.472845676581186,1,4649313.70308665,130.521015987407,0,8.014770
0.050000,20260730,3,10000,90,72,18,0.5,0.634040599644963,1,4616383.01264934,132.14544824572,0,7.951350
0.050000,20260730,4,10000,90,72,18,0.166666666666667,0.438059141452151,1,4652441.72664958,131.211389108568,0,8.097271
0.050000,20260730,5,10000,90,72,18,0.222222222222222,0.340668838083281,1,4513884.49261752,130.98720598385,0,7.987449
0.100000,20260711,1,1,180,144,36,0.305555555555556,0.279203029013089,0.597222222222222,4496482.29542074,117.488556914763,1,8.167753
0.100000,20260711,2,1,180,144,36,0.0277777777777778,0.367718258209212,0.506944444444444,4633194.85028675,114.599037557321,1,8.790549
0.100000,20260711,3,1,180,144,36,0.166666666666667,0.297732064276522,0.534722222222222,4463712.55504802,117.868537592793,1,8.151172
0.100000,20260711,4,1,180,144,36,0.305555555555556,0.297106459083488,0.555555555555556,4562898.59081883,113.924727012469,1,8.125896
0.100000,20260711,5,1,180,144,36,0.388888888888889,0.416973844924585,0.590277777777778,4497618.65918929,116.508804523729,1,8.162665
0.100000,20260711,1,10,180,144,36,0.361111111111111,0.283415842985916,0.784722222222222,4496575.08149148,129.756840597933,1,7.997680
0.100000,20260711,2,10,180,144,36,0.0555555555555556,0.319267203770308,0.486111111111111,4633279.86256735,117.768711485403,1,7.950652
0.100000,20260711,3,10,180,144,36,0.0833333333333333,0.356917104084151,0.833333333333333,4463800.36433387,130.007847960429,1,7.932809
0.100000,20260711,4,10,180,144,36,0.277777777777778,0.302361139714868,0.583333333333333,4562988.1727311,118.791180445763,1,7.991469
0.100000,20260711,5,10,180,144,36,0.444444444444444,0.3579617517087,0.479166666666667,4497707.42149203,118.453536635376,1,8.209418
0.100000,20260711,1,100,180,144,36,0.361111111111111,0.320460412272014,1,4497502.94219894,146.677873718668,1,8.085204
0.100000,20260711,2,100,180,144,36,0.194444444444444,0.239322103764363,1,4634129.98537331,145.531857873526,1,8.245922
0.100000,20260711,3,100,180,144,36,0.222222222222222,0.19588914283968,1,4464678.45719238,146.556575330448,1,8.036650
0.100000,20260711,4,100,180,144,36,0.361111111111111,0.385841095708423,1,4563883.9918538,145.714204391542,1,8.091810
0.100000,20260711,5,100,180,144,36,0.25,0.341556116081577,1,4498595.0445194,145.337169091195,1,8.033618
0.100000,20260711,1,1000,180,144,36,0.333333333333333,0.23468299365308,1,4506781.54927356,147.563593072374,1,8.445553
0.100000,20260711,2,1000,180,144,36,0.222222222222222,0.372826473592937,1,4642631.21343292,144.267904967756,1,8.317673
0.100000,20260711,3,1000,180,144,36,0.222222222222222,0.221440580802492,1,4473459.38577745,146.635646579925,1,7.999054
0.100000,20260711,4,1000,180,144,36,0.388888888888889,0.351811318639024,1,4572842.18308076,146.033397673359,1,8.079580
0.100000,20260711,5,1000,180,144,36,0.305555555555556,0.383300328161037,1,4507471.2747931,145.288582159305,1,8.019517
0.100000,20260711,1,10000,180,144,36,0.305555555555556,0.305613508694689,1,4599567.6200197,146.672656270038,0,8.106057
0.100000,20260711,2,10000,180,144,36,0.222222222222222,0.371219471212237,1,4727643.4940291,144.213565829878,0,7.940852
0.100000,20260711,3,10000,180,144,36,0.194444444444444,0.185250954276038,1,4561268.67162817,146.60825140389,0,8.125421
0.100000,20260711,4,10000,180,144,36,0.333333333333333,0.297986195307524,1,4662424.09535042,146.068529037615,0,7.959149
0.100000,20260711,5,10000,180,144,36,0.333333333333333,0.429279152580182,1,4596233.57753016,144.881630059043,0,8.216966
0.100000,20260712,1,1,180,144,36,0.166666666666667,0.294341021704358,0.597222222222222,4636494.81148877,113.32106223582,1,8.002422
0.100000,20260712,2,1,180,144,36,0.111111111111111,0.31461190673772,0.541666666666667,4539281.57695345,113.950499020231,1,8.203881
0.100000,20260712,3,1,180,144,36,0.305555555555556,0.240295446044424,0.479166666666667,4523205.33636672,114.447263473196,1,8.023197
0.100000,20260712,4,1,180,144,36,0.111111111111111,0.29895555008011,0.486111111111111,4598630.61916762,114.188939198832,1,8.178544
0.100000,20260712,5,1,180,144,36,0.194444444444444,0.207656433576337,0.493055555555556,4483359.1440698,114.685426615118,1,8.247196
0.100000,20260712,1,10,180,144,36,0.194444444444444,0.300233637596708,0.625,4636585.09506274,123.188706078618,1,7.962868
0.100000,20260712,2,10,180,144,36,0.0833333333333333,0.300042239043491,0.916666666666667,4539381.02619544,132.305209505064,1,8.230766
0.100000,20260712,3,10,180,144,36,0.138888888888889,0.307103010437826,0.847222222222222,4523301.38698913,129.49524247177,1,7.971205
0.100000,20260712,4,10,180,144,36,0.222222222222222,0.27585175454404,0.715277777777778,4598715.62724902,128.14328221906,1,8.192486
0.100000,20260712,5,10,180,144,36,0.222222222222222,0.206924414946465,0.729166666666667,4483446.50629892,127.392561616858,1,7.995071
0.100000,20260712,1,100,180,144,36,0.138888888888889,0.292338544818685,1,4637487.93080246,147.273215512635,1,8.093271
0.100000,20260712,2,100,180,144,36,0.166666666666667,0.398222442638929,1,4540375.51861524,146.209652747893,1,7.993030
0.100000,20260712,3,100,180,144,36,0.277777777777778,0.226987906469101,1,4524261.89321323,145.572229612451,1,8.139293
0.100000,20260712,4,100,180,144,36,0.222222222222222,0.260851112178771,1,4599565.70806304,145.623989296909,1,7.950974
0.100000,20260712,5,100,180,144,36,0.277777777777778,0.284042250623481,1,4484320.12859019,145.337855099475,1,8.027717
0.100000,20260712,1,1000,180,144,36,0.194444444444444,0.33917240616376,1,4646516.28819969,146.947832045182,1,8.241637
0.100000,20260712,2,1000,180,144,36,0.194444444444444,0.34768160095935,1,4550320.44281331,146.628249833276,1,7.946655
0.100000,20260712,3,1000,180,144,36,0.305555555555556,0.270510764335855,1,4533866.95545432,145.201361522989,1,8.194111
0.100000,20260712,4,1000,180,144,36,0.194444444444444,0.309030011737894,1,4608066.5162032,144.76101993518,1,7.951176
0.100000,20260712,5,1000,180,144,36,0.361111111111111,0.264531317372922,1,4493056.35150285,145.216880643087,1,8.119002
0.100000,20260712,1,10000,180,144,36,0.194444444444444,0.365081635814102,1,4736799.86217198,146.576555955715,0,7.947569
0.100000,20260712,2,10000,180,144,36,0.194444444444444,0.367909071088952,1,4649769.68479399,146.467427266716,0,8.237632
0.100000,20260712,3,10000,180,144,36,0.305555555555556,0.274391903051617,1,4629917.57786512,145.09795188739,0,7.961194
0.100000,20260712,4,10000,180,144,36,0.194444444444444,0.351793571960945,1,4693074.59760479,144.60598493084,0,7.935877
0.100000,20260712,5,10000,180,144,36,0.277777777777778,0.231577078297823,1,4580418.5806295,145.113250240343,0,8.016150
0.100000,20260713,1,1,180,144,36,0.138888888888889,0.320003413475508,0.541666666666667,4480117.7532072,115.009507989471,1,7.929342
0.100000,20260713,2,1,180,144,36,0.138888888888889,0.211007342156439,0.548611111111111,4522071.06237745,114.104652221664,1,8.150424
0.100000,20260713,3,1,180,144,36,0.166666666666667,0.250480497858169,0.555555555555556,4527900.1413522,114.143159308364,1,7.886201
0.100000,20260713,4,1,180,144,36,0.138888888888889,0.372168856808209,0.5625,4585246.79882609,114.230072731765,1,8.237720
0.100000,20260713,5,1,180,144,36,0.194444444444444,0.216150205018321,0.5625,4479516.93504143,114.680797093038,1,8.144960
0.100000,20260713,1,10,180,144,36,0.194444444444444,0.272870700793284,0.555555555555556,4480213.76447136,119.517124920649,1,8.133485
0.100000,20260713,2,10,180,144,36,0.0833333333333333,0.183283861876967,0.611111111111111,4522164.65162436,124.884857223231,1,7.957276
0.100000,20260713,3,10,180,144,36,0.333333333333333,0.320111088249401,0.618055555555556,4527985.13888357,124.689223177164,1,8.082779
0.100000,20260713,4,10,180,144,36,0.277777777777778,0.234752029100932,0.736111111111111,4585344.27936138,126.399946421192,1,7.952347
0.100000,20260713,5,10,180,144,36,0.194444444444444,0.300916982078443,0.763888888888889,4479609.20759867,131.07385016896,1,7.975898
0.100000,20260713,1,100,180,144,36,0.194444444444444,0.338220026494195,1,4481173.87711293,148.376788855591,1,8.118362
0.100000,20260713,2,100,180,144,36,0.166666666666667,0.2830913529445,1,4523100.54409346,148.309048766287,1,7.974937
0.100000,20260713,3,100,180,144,36,0.111111111111111,0.311265992999242,1,4528835.11419723,148.694559179719,1,8.177888
0.100000,20260713,4,100,180,144,36,0.194444444444444,0.221594438779799,1,4586319.08471421,148.285840654886,1,7.886002
0.100000,20260713,5,100,180,144,36,0.194444444444444,0.300560647118663,1,4480531.93317102,150.27864883867,1,8.130237
0.100000,20260713,1,1000,180,144,36,0.277777777777778,0.31499481191501,1,4490775.00352862,146.625235730287,1,7.997676
0.100000,20260713,2,1000,180,144,36,0.166666666666667,0.277272918866787,1,4532459.4687845,147.297622777615,1,8.208637
0.100000,20260713,3,1000,180,144,36,0.138888888888889,0.37564860029564,1,4537334.8673338,149.479588281573,1,7.937375
0.100000,20260713,4,1000,180,144,36,0.277777777777778,0.369057843279685,1,4596067.13824259,146.629658647082,1,8.167614
0.100000,20260713,5,1000,180,144,36,0.25,0.333389503229467,1,4489759.18889458,148.748189213114,1,7.883554
0.100000,20260713,1,10000,180,144,36,0.277777777777778,0.312296850409088,1,4586786.26768554,146.504376551543,0,7.906460
0.100000,20260713,2,10000,180,144,36,0.166666666666667,0.277272918866787,1,4626048.71569493,147.32391578759,0,8.168121
0.100000,20260713,3,10000,180,144,36,0.138888888888889,0.356057912348664,1,4622332.3986995,149.396322587852,0,7.912483
0.100000,20260713,4,10000,180,144,36,0.277777777777778,0.369057843279685,1,4693547.6735264,146.737684241193,0,8.434520
0.100000,20260713,5,10000,180,144,36,0.25,0.310261019411711,1,4582031.74613015,148.77865162342,0,8.571916
0.100000,20260714,1,1,180,144,36,0.138888888888889,0.339927865476886,0.548611111111111,4440137.7805948,118.064631918749,1,11.450417
0.100000,20260714,2,1,180,144,36,0.0833333333333333,0.306448152257771,0.520833333333333,4521441.54255297,113.524462048619,1,12.470597
0.100000,20260714,3,1,180,144,36,0.166666666666667,0.273509404786524,0.513888888888889,4546740.44402752,115.688585054323,1,12.605341
0.100000,20260714,4,1,180,144,36,0.166666666666667,0.413245584626647,0.458333333333333,4556430.15938332,114.660777884295,1,12.609645
0.100000,20260714,5,1,180,144,36,0.166666666666667,0.226454287050894,0.534722222222222,4566435.75160035,116.113420197618,1,12.646208
0.100000,20260714,1,10,180,144,36,0.0833333333333333,0.302837084693182,0.493055555555556,4440228.17085711,119.78899008711,1,12.262727
0.100000,20260714,2,10,180,144,36,0.277777777777778,0.271345255114895,0.770833333333333,4521529.96139427,127.991496814908,1,12.336427
0.100000,20260714,3,10,180,144,36,0.194444444444444,0.259802759095988,0.541666666666667,4546827.45794435,120.887990177315,1,12.454861
0.100000,20260714,4,10,180,144,36,0.138888888888889,0.368586384709018,0.486111111111111,4556518.01761838,120.173094008546,1,12.226213
0.100000,20260714,5,10,180,144,36,0.277777777777778,0.20584559221005,0.527777777777778,4566526.3754391,119.905121885064,1,12.447538
0.100000,20260714,1,100,180,144,36,0.138888888888889,0.266727220480978,1,4441132.07348024,148.666362445294,1,12.468528
0.100000,20260714,2,100,180,144,36,0.194444444444444,0.28676882398158,1,4522414.14980724,145.66748405939,1,12.041497
0.100000,20260714,3,100,180,144,36,0.222222222222222,0.180530522119277,1,4547697.59711265,147.530326655177,1,12.320065
0.100000,20260714,4,100,180,144,36,0.0833333333333333,0.340571496055422,1,4557396.59996895,146.871713533932,1,12.211576
0.100000,20260714,5,100,180,144,36,0.361111111111111,0.347737708868931,1,4567432.61382665,147.294395804169,1,12.273593
0.100000,20260714,1,1000,180,144,36,0.166666666666667,0.354421118483168,1,4450171.09971155,145.723143441142,1,12.295668
0.100000,20260714,2,1000,180,144,36,0.194444444444444,0.347043822308711,1,4531256.03393695,146.219344111085,1,12.299750
0.100000,20260714,3,1000,180,144,36,0.194444444444444,0.249988940124609,1,4556398.98879571,146.344477094052,1,12.051864
0.100000,20260714,4,1000,180,144,36,0.0833333333333333,0.437086677396312,1,4566182.4234746,144.948992026564,1,12.287649
0.100000,20260714,5,1000,180,144,36,0.333333333333333,0.317816815413504,1,4576494.9977021,147.83133783583,1,12.543946
0.100000,20260714,1,10000,180,144,36,0.166666666666667,0.354421118483168,1,4540561.36202468,145.820378523721,0,12.175299
0.100000,20260714,2,10000,180,144,36,0.194444444444444,0.362911038317356,1,4619674.87523406,146.345162687936,0,11.955280
0.100000,20260714,3,10000,180,144,36,0.194444444444444,0.249988940124609,1,4643412.90562624,146.164602524718,0,12.492752
0.100000,20260714,4,10000,180,144,36,0.111111111111111,0.400789882663161,1,4654040.65853112,145.26761756925,0,12.212577
0.100000,20260714,5,10000,180,144,36,0.361111111111111,0.321910129743769,1,4667118.83645657,147.775163643391,0,11.923016
0.100000,20260715,1,1,180,144,36,0.194444444444444,0.15791362804119,0.520833333333333,4542576.8941102,114.858114519377,1,12.089249
0.100000,20260715,2,1,180,144,36,0.166666666666667,0.331049420051487,0.506944444444444,4505633.23722189,114.403756631641,1,12.098652
0.100000,20260715,3,1,180,144,36,0.222222222222222,0.414769164017212,0.513888888888889,4477749.35173751,115.581618442763,1,11.907932
0.100000,20260715,4,1,180,144,36,0.166666666666667,0.333449814577197,0.5,4635487.49254849,115.329046049789,1,12.271981
0.100000,20260715,5,1,180,144,36,0.138888888888889,0.473594398925977,0.618055555555556,4608384.76138644,114.104592569017,1,12.089578
0.100000,20260715,1,10,180,144,36,0.138888888888889,0.204659362947897,0.638888888888889,4542669.33143139,123.75723014787,1,11.882167
0.100000,20260715,2,10,180,144,36,0.305555555555556,0.334569795106221,0.819444444444444,4505718.29267495,128.250249225106,1,12.100031
0.100000,20260715,3,10,180,144,36,0.194444444444444,0.291924364299478,0.597222222222222,4477835.13346659,124.223115524864,1,12.158991
0.100000,20260715,4,10,180,144,36,0.25,0.196461164325278,0.722222222222222,4635574.60827963,128.047303935049,1,12.081852
0.100000,20260715,5,10,180,144,36,0.222222222222222,0.27958650463285,0.805555555555556,4608476.6337313,128.706586977797,1,12.120010
0.100000,20260715,1,100,180,144,36,0.194444444444444,0.24327262560066,1,4543593.70464332,144.060897348382,1,12.076608
0.100000,20260715,2,100,180,144,36,0.305555555555556,0.306863708304144,1,4506568.84720558,146.258917881788,1,12.145057
0.100000,20260715,3,100,180,144,36,0.277777777777778,0.374375878324432,1,4478692.95075749,146.541793692527,1,12.140616
0.100000,20260715,4,100,180,144,36,0.194444444444444,0.26710761075415,1,4636445.76559097,145.724631305255,1,12.233550
0.100000,20260715,5,100,180,144,36,0.222222222222222,0.34641443478747,1,4609395.35717993,146.21393745219,1,11.919628
0.100000,20260715,1,1000,180,144,36,0.166666666666667,0.200547057201556,1,4552837.43676259,145.592551792595,1,12.147088
0.100000,20260715,2,1000,180,144,36,0.25,0.341818033941194,1,4515074.39251188,145.273342671124,1,12.145545
0.100000,20260715,3,1000,180,144,36,0.277777777777778,0.351843927205817,1,4487271.12366646,146.164628172591,1,11.983216
0.100000,20260715,4,1000,180,144,36,0.194444444444444,0.321910129743769,1,4645157.33870445,144.637621314291,1,12.210876
0.100000,20260715,5,1000,180,144,36,0.277777777777778,0.346674707745766,1,4618582.59166615,147.381062936407,1,12.057168
0.100000,20260715,1,10000,180,144,36,0.194444444444444,0.202569559976236,1,4645274.75795527,145.537315682806,0,11.974982
0.100000,20260715,2,10000,180,144,36,0.277777777777778,0.353861643796905,1,4600129.84557486,145.469115957802,0,12.320613
0.100000,20260715,3,10000,180,144,36,0.333333333333333,0.386823277846147,1,4573052.85275612,145.925473568938,0,12.315718
0.100000,20260715,4,10000,180,144,36,0.222222222222222,0.292518427790268,1,4732273.06983915,144.276689156868,0,12.040252
0.100000,20260715,5,10000,180,144,36,0.194444444444444,0.324076746593307,1,4710454.93652836,147.893983622061,0,12.113263
0.100000,20260716,1,1,180,144,36,0.194444444444444,0.251245673545128,0.486111111111111,4418513.90124463,116.391203817186,1,12.079229
0.100000,20260716,2,1,180,144,36,0.222222222222222,0.228360173944624,0.534722222222222,4644145.80249703,114.186776144943,1,12.028897
0.100000,20260716,3,1,180,144,36,0.111111111111111,0.282108348130015,0.548611111111111,4575381.43078889,114.603505347814,1,9.091945
0.100000,20260716,4,1,180,144,36,0.0555555555555556,0.209950635887851,0.506944444444444,4457162.51165444,117.011708837175,1,10.350658
0.100000,20260716,5,1,180,144,36,0.194444444444444,0.34612490535311,0.458333333333333,4483278.80029274,117.524995695586,1,8.320721
0.100000,20260716,1,10,180,144,36,0.194444444444444,0.39327026437797,0.548611111111111,4418605.91313268,121.037257175578,1,8.291459
0.100000,20260716,2,10,180,144,36,0.222222222222222,0.222168568221485,0.743055555555556,4644233.72027209,127.77834856761,1,8.082715
0.100000,20260716,3,10,180,144,36,0.138888888888889,0.219998980887265,0.805555555555556,4575474.49267589,131.303577178449,1,8.153490
0.100000,20260716,4,10,180,144,36,0.194444444444444,0.228990701552602,0.493055555555556,4457247.54680414,122.964131812786,1,7.954615
0.100000,20260716,5,10,180,144,36,0.194444444444444,0.25938414538027,0.513888888888889,4483369.02949144,120.003941258831,1,8.062205
0.100000,20260716,1,100,180,144,36,0.222222222222222,0.34274654690823,1,4419526.03201314,146.565378447464,1,8.012747
0.100000,20260716,2,100,180,144,36,0.222222222222222,0.194824330068783,1,4645112.89802271,146.381876275662,1,8.087155
0.100000,20260716,3,100,180,144,36,0.166666666666667,0.318989701455157,1,4576405.11154584,147.001417896055,1,7.887683
0.100000,20260716,4,100,180,144,36,0.222222222222222,0.290316130024655,1,4458097.89830113,148.14862160659,1,7.864023
0.100000,20260716,5,100,180,144,36,0.25,0.214091576606194,1,4484271.32147846,148.373858187629,1,8.041550
0.100000,20260716,1,1000,180,144,36,0.222222222222222,0.331506563227971,1,4428727.22081772,147.040482930934,1,7.887858
0.100000,20260716,2,1000,180,144,36,0.166666666666667,0.230978362011579,1,4653904.67552887,146.834963603975,1,8.102873
0.100000,20260716,3,1000,180,144,36,0.166666666666667,0.292885169204701,1,4585711.30024536,146.33661968777,1,7.991710
0.100000,20260716,4,1000,180,144,36,0.277777777777778,0.264040604345117,1,4466601.41327104,147.606715202835,1,8.044581
0.100000,20260716,5,1000,180,144,36,0.305555555555556,0.260930550752196,1,4493294.24134868,147.825418423269,1,7.828584
0.100000,20260716,1,10000,180,144,36,0.222222222222222,0.32397360017814,1,4520739.10886355,147.58647332514,0,8.062271
0.100000,20260716,2,10000,180,144,36,0.166666666666667,0.230978362011579,1,4741822.45059044,146.94240360654,0,7.851326
0.100000,20260716,3,10000,180,144,36,0.166666666666667,0.314686354432249,1,4678773.1872406,146.115462497849,0,7.828388
0.100000,20260716,4,10000,180,144,36,0.305555555555556,0.341716788637571,1,4551636.56297015,147.509093458919,0,7.903237
0.100000,20260716,5,10000,180,144,36,0.305555555555556,0.27596897713954,1,4583523.44005094,147.895842472098,0,7.861620
0.100000,20260717,1,1,180,144,36,0.222222222222222,0.305986727582041,0.513888888888889,4477276.72552939,114.585188091241,1,8.060006
0.100000,20260717,2,1,180,144,36,0.166666666666667,0.308325670958857,0.555555555555556,4564786.01003087,114.58091269865,1,7.818060
0.100000,20260717,3,1,180,144,36,0.166666666666667,0.207441086628409,0.506944444444444,4591609.59910829,114.442947147845,1,8.047664
0.100000,20260717,4,1,180,144,36,0.111111111111111,0.268167030803492,0.5,4567369.3767053,115.601416994748,1,7.903578
0.100000,20260717,5,1,180,144,36,0.166666666666667,0.284509444207857,0.527777777777778,4609782.2049485,114.34291067285,1,8.254518
0.100000,20260717,1,10,180,144,36,0.138888888888889,0.299964069681259,0.6875,4477358.82054568,124.977506305038,1,7.881186
0.100000,20260717,2,10,180,144,36,0.222222222222222,0.259103710445185,0.777777777777778,4564882.49888021,128.261628511631,1,8.116751
0.100000,20260717,3,10,180,144,36,0.277777777777778,0.392522200096691,0.701388888888889,4591695.64221183,127.174193437061,1,8.001496
0.100000,20260717,4,10,180,144,36,0.0555555555555556,0.286725534656221,0.722222222222222,4567466.51284979,128.967535945131,1,7.924438
0.100000,20260717,5,10,180,144,36,0.277777777777778,0.275749427061537,0.729166666666667,4609877.85693005,128.88300286174,1,8.096300
0.100000,20260717,1,100,180,144,36,0.25,0.33917240616376,1,4478179.77070867,147.913738221716,1,7.988596
0.100000,20260717,2,100,180,144,36,0.277777777777778,0.307212413851048,1,4565847.3873736,148.566657090764,1,8.052572
0.100000,20260717,3,100,180,144,36,0.111111111111111,0.347664478475243,1,4592556.07324722,146.01866645928,1,7.866297
0.100000,20260717,4,100,180,144,36,0.0555555555555556,0.278113228271557,1,4568437.87429469,145.821583677013,1,8.051019
0.100000,20260717,5,100,180,144,36,0.25,0.268755725636039,1,4610834.37674549,148.938545591855,1,7.927530
0.100000,20260717,1,1000,180,144,36,0.277777777777778,0.257705228839712,1,4486389.27233848,147.716112602068,1,8.070145
0.100000,20260717,2,1000,180,144,36,0.194444444444444,0.264980364208332,1,4575496.27230758,147.760655960662,1,7.851978
0.100000,20260717,3,1000,180,144,36,0.166666666666667,0.363516508391104,1,4601160.38360121,146.312185237844,1,7.855188
0.100000,20260717,4,1000,180,144,36,0.0833333333333333,0.210774917858117,1,4578151.48874367,145.765135537362,1,8.860090
0.100000,20260717,5,1000,180,144,36,0.25,0.237046476348558,1,4620399.57489989,149.541783989007,1,9.861860
0.100000,20260717,1,10000,180,144,36,0.277777777777778,0.299107224884029,1,4568484.28863665,148.246282984074,0,13.720303
0.100000,20260717,2,10000,180,144,36,0.194444444444444,0.264980364208332,1,4671985.1216473,147.72608313029,0,13.838487
0.100000,20260717,3,10000,180,144,36,0.166666666666667,0.363516508391104,1,4687203.48714111,146.424511468403,0,13.730778
0.100000,20260717,4,10000,180,144,36,0.0833333333333333,0.210774917858117,1,4675287.63323349,145.782728781466,0,12.717070
0.100000,20260717,5,10000,180,144,36,0.25,0.237046476348558,1,4716051.55644388,149.80178536694,0,8.757448
0.100000,20260718,1,1,180,144,36,0.0833333333333333,0.355879993297953,0.5,4382950.10398252,113.693601680291,1,8.964454
0.100000,20260718,2,1,180,144,36,0.277777777777778,0.309311990061179,0.513888888888889,4547992.29137167,114.784551313783,1,8.240405
0.100000,20260718,3,1,180,144,36,0.194444444444444,0.295027027428062,0.597222222222222,4552784.75844046,115.450665514661,1,8.131229
0.100000,20260718,4,1,180,144,36,0.25,0.207656433576337,0.465277777777778,4536754.92786235,116.619913555296,1,7.926085
0.100000,20260718,5,1,180,144,36,0.111111111111111,0.248086089092047,0.5,4434291.35971153,114.561142156349,1,8.088775
0.100000,20260718,1,10,180,144,36,0.111111111111111,0.326659898331852,0.548611111111111,4383033.35074639,121.046973120971,1,7.877595
0.100000,20260718,2,10,180,144,36,0.138888888888889,0.241884027488192,0.548611111111111,4548071.95180005,123.136415933716,1,8.106448
0.100000,20260718,3,10,180,144,36,0.25,0.358921369229619,0.486111111111111,4552876.42906177,119.473706827472,1,8.029929
0.100000,20260718,4,10,180,144,36,0.25,0.330103580031351,0.645833333333333,4536846.50827946,128.606278209302,1,7.883039
0.100000,20260718,5,10,180,144,36,0.194444444444444,0.311565985874379,0.819444444444444,4434384.50966798,130.759275579722,1,8.023399
0.100000,20260718,1,100,180,144,36,0.166666666666667,0.278155221697099,1,4383865.81838509,146.239619861412,1,7.907505
0.100000,20260718,2,100,180,144,36,0.166666666666667,0.226158748139423,1,4548868.55608382,148.023917608607,1,8.159217
0.100000,20260718,3,100,180,144,36,0.166666666666667,0.304387084604968,1,4553793.13527492,148.54849593911,1,7.870053
0.100000,20260718,4,100,180,144,36,0.138888888888889,0.226302401526918,1,4537762.31245061,147.662819181386,1,8.081414
0.100000,20260718,5,100,180,144,36,0.138888888888889,0.218842624018047,1,4435316.00923256,147.128320934129,1,7.891571
0.100000,20260718,1,1000,180,144,36,0.166666666666667,0.306457633301936,1,4392190.49477205,146.461005474068,1,8.132034
0.100000,20260718,2,1000,180,144,36,0.166666666666667,0.324645899787932,1,4556834.59892149,148.437135071698,1,7.862245
0.100000,20260718,3,1000,180,144,36,0.222222222222222,0.351271318997886,1,4562960.19740638,148.951136258297,1,7.844629
0.100000,20260718,4,1000,180,144,36,0.0833333333333333,0.25363609562604,1,4546920.35416206,144.966160804568,1,7.922387
0.100000,20260718,5,1000,180,144,36,0.222222222222222,0.304934277505441,1,4444631.00487837,149.27747503205,1,7.775222
0.100000,20260718,1,10000,180,144,36,0.166666666666667,0.313650900076799,1,4475437.25864164,146.545423089079,0,8.044395
0.100000,20260718,2,10000,180,144,36,0.166666666666667,0.331775986132128,1,4636495.0272982,147.865307611201,0,7.796479
0.100000,20260718,3,10000,180,144,36,0.222222222222222,0.3605918099723,1,4654630.81872096,148.954035213025,0,8.055101
0.100000,20260718,4,10000,180,144,36,0.0833333333333333,0.25363609562604,1,4638500.7712766,144.904975791586,0,7.867105
0.100000,20260718,5,10000,180,144,36,0.222222222222222,0.304934277505441,1,4537780.96133643,149.881516054567,0,7.967606
0.100000,20260719,1,1,180,144,36,0.0277777777777778,0.364588032982133,0.548611111111111,4636099.98056035,115.460925278821,1,7.864733
0.100000,20260719,2,1,180,144,36,0.166666666666667,0.235483523293183,0.527777777777778,4462980.71569143,116.415792868591,1,7.899736
0.100000,20260719,3,1,180,144,36,0.25,0.13971647960659,0.590277777777778,4596218.46040736,114.796062980595,1,8.049826
0.100000,20260719,4,1,180,144,36,0.111111111111111,0.287137747363375,0.583333333333333,4640019.51985017,116.546922667888,1,7.861328
0.100000,20260719,5,1,180,144,36,0.166666666666667,0.228282425224403,0.625,4381920.12875795,114.665355603221,1,8.155641
0.100000,20260719,1,10,180,144,36,0.138888888888889,0.318067906442654,0.8125,4636195.51355757,130.623214646535,1,7.840738
0.100000,20260719,2,10,180,144,36,0.166666666666667,0.258439352746193,0.715277777777778,4463078.40029537,128.822880131342,1,8.059435
0.100000,20260719,3,10,180,144,36,0.388888888888889,0.321910129743769,0.833333333333333,4596305.89481716,129.258930949246,1,7.845314
0.100000,20260719,4,10,180,144,36,0.277777777777778,0.281313626495054,0.590277777777778,4640114.98701202,120.280267642245,1,8.011088
0.100000,20260719,5,10,180,144,36,0.305555555555556,0.294995126867777,0.861111111111111,4382014.66419484,130.994385389959,1,7.841165
0.100000,20260719,1,100,180,144,36,0.138888888888889,0.362304343936182,1,4637150.84352982,147.068506205317,1,8.013947
0.100000,20260719,2,100,180,144,36,0.277777777777778,0.332840757500334,1,4464055.24633473,145.732130720291,1,7.893313
0.100000,20260719,3,100,180,144,36,0.25,0.304457279695123,1,4597180.23891513,145.314018870966,1,7.865112
0.100000,20260719,4,100,180,144,36,0.138888888888889,0.363902028719784,1,4641069.65863052,145.277116792255,1,8.091509
0.100000,20260719,5,100,180,144,36,0.25,0.237237278476749,1,4382960.01856382,145.575015185401,1,7.893314
0.100000,20260719,1,1000,180,144,36,0.194444444444444,0.302782755654577,1,4646704.14325228,146.461980237539,1,8.069069
0.100000,20260719,2,1000,180,144,36,0.277777777777778,0.276713741685718,1,4473823.70672832,145.657026745917,1,7.969510
0.100000,20260719,3,1000,180,144,36,0.277777777777778,0.289526706394641,1,4605923.67989484,145.275994741061,1,8.046201
0.100000,20260719,4,1000,180,144,36,0.25,0.339739411426976,1,4650616.37481543,146.17168319337,1,7.851252
0.100000,20260719,5,1000,180,144,36,0.305555555555556,0.322091236012251,1,4392413.56225363,146.14520519467,1,8.087359
0.100000,20260719,1,10000,180,144,36,0.138888888888889,0.30078831412209,1,4742237.14047688,145.747326971265,0,7.856051
0.100000,20260719,2,10000,180,144,36,0.305555555555556,0.273485905795145,1,4571508.31066431,145.630286096968,0,7.908343
0.100000,20260719,3,10000,180,144,36,0.305555555555556,0.276536739840826,1,4693358.08969194,145.314294816667,0,8.001712
0.100000,20260719,4,10000,180,144,36,0.277777777777778,0.330924775397636,1,4746083.5366646,146.091865449764,0,7.799560
0.100000,20260719,5,10000,180,144,36,0.305555555555556,0.322091236012251,1,4486948.99915167,146.141729208211,0,8.061739
0.100000,20260720,1,1,180,144,36,0.25,0.251997027112114,0.576388888888889,4459113.05635403,114.069061792718,1,7.907142
0.100000,20260720,2,1,180,144,36,0.138888888888889,0.179107162743681,0.513888888888889,4467894.02108522,115.396183950741,1,8.060011
0.100000,20260720,3,1,180,144,36,0.166666666666667,0.315457933314372,0.527777777777778,4432339.58768672,114.082228820045,1,7.973550
0.100000,20260720,4,1,180,144,36,0.277777777777778,0.231934540803572,0.604166666666667,4459905.88473594,114.979756848751,1,8.179884
0.100000,20260720,5,1,180,144,36,0.305555555555556,0.3046740707868,0.625,4531832.16954804,114.576805727256,1,7.829465
0.100000,20260720,1,10,180,144,36,0.25,0.321910129743769,0.534722222222222,4459211.24044523,119.642790511451,1,7.850327
0.100000,20260720,2,10,180,144,36,0.25,0.136333305705785,0.770833333333333,4467986.49284374,129.779140013641,1,7.983706
0.100000,20260720,3,10,180,144,36,0.138888888888889,0.310208648884497,0.625,4432429.86152563,124.114427008199,1,7.821145
0.100000,20260720,4,10,180,144,36,0.138888888888889,0.221130936830331,0.576388888888889,4459989.21660187,119.770307632507,1,8.108675
0.100000,20260720,5,10,180,144,36,0.25,0.344791398734199,0.652777777777778,4531921.73765293,121.533323662777,1,7.825393
0.100000,20260720,1,100,180,144,36,0.25,0.232919554859163,1,4460193.08135717,147.208811417269,1,8.015322
0.100000,20260720,2,100,180,144,36,0.305555555555556,0.385936490293472,1,4468911.21042898,145.84474106727,1,8.627796
0.100000,20260720,3,100,180,144,36,0.277777777777778,0.250568100295797,1,4433332.59991474,146.071670757551,1,8.561418
0.100000,20260720,4,100,180,144,36,0.25,0.354405585489549,1,4460822.53526123,146.474425497114,1,12.102579
0.100000,20260720,5,100,180,144,36,0.277777777777778,0.327830565174962,1,4532817.41870185,145.862554575071,1,12.354863
0.100000,20260720,1,1000,180,144,36,0.277777777777778,0.258775985147726,1,4470011.49047666,147.09108268229,1,12.195420
0.100000,20260720,2,1000,180,144,36,0.305555555555556,0.302651203397362,1,4478158.38628136,147.669479094667,1,12.051230
0.100000,20260720,3,1000,180,144,36,0.361111111111111,0.252117744945043,1,4442359.98380585,146.278378472198,1,12.120450
0.100000,20260720,4,1000,180,144,36,0.222222222222222,0.366683643897891,1,4469155.7218548,144.057893967067,1,12.117419
0.100000,20260720,5,1000,180,144,36,0.222222222222222,0.367610131636718,1,4541774.22919112,146.994127410222,1,12.110622
0.100000,20260720,1,10000,180,144,36,0.25,0.234893833078458,1,4568195.58167152,147.020466252451,0,12.396173
0.100000,20260720,2,10000,180,144,36,0.305555555555556,0.360588867099051,1,4570630.14480511,146.825357430394,0,12.157058
0.100000,20260720,3,10000,180,144,36,0.361111111111111,0.235243809263945,1,4532633.82271692,146.471771542868,0,12.106857
0.100000,20260720,4,10000,180,144,36,0.222222222222222,0.366683643897891,1,4552487.5877905,144.214620651149,0,12.226631
0.100000,20260720,5,10000,180,144,36,0.222222222222222,0.367610131636718,1,4631342.33408375,147.062609536821,0,12.260950
0.100000,20260721,1,1,180,144,36,0.111111111111111,0.30787937118869,0.618055555555556,4551537.80098026,115.68900027663,1,11.882695
0.100000,20260721,2,1,180,144,36,0.194444444444444,0.306882698164946,0.569444444444444,4500178.94745606,114.568295596268,1,12.095103
0.100000,20260721,3,1,180,144,36,0.138888888888889,0.28442845167704,0.618055555555556,4385258.33491888,114.52547501264,1,12.222812
0.100000,20260721,4,1,180,144,36,0.138888888888889,0.324395991778653,0.604166666666667,4440248.97398812,116.862865897848,1,11.990615
0.100000,20260721,5,1,180,144,36,0.25,0.280155202361452,0.590277777777778,4388439.60937169,116.355503782432,1,12.157930
0.100000,20260721,1,10,180,144,36,0.222222222222222,0.339390451724905,0.819444444444444,4551625.65653037,128.817705270318,1,12.292630
0.100000,20260721,2,10,180,144,36,0.277777777777778,0.219814926890962,0.645833333333333,4500274.42334876,123.743023833854,1,12.034855
0.100000,20260721,3,10,180,144,36,0.166666666666667,0.314997511081407,0.909722222222222,4385345.89965977,131.243286692583,1,12.204140
0.100000,20260721,4,10,180,144,36,0.222222222222222,0.264980364208332,0.666666666666667,4440339.24027856,124.440327184462,1,12.301595
0.100000,20260721,5,10,180,144,36,0.333333333333333,0.309270221431467,0.736111111111111,4388531.16943885,126.487543689392,1,12.199914
0.100000,20260721,1,100,180,144,36,0.166666666666667,0.301151206803743,1,4552504.21203153,144.404740338117,1,11.952307
0.100000,20260721,2,100,180,144,36,0.361111111111111,0.318626442883988,1,4501229.18227578,145.826359890908,1,12.148707
0.100000,20260721,3,100,180,144,36,0.0833333333333333,0.376291214336888,1,4386221.54706868,145.058631298523,1,11.983485
0.100000,20260721,4,100,180,144,36,0.194444444444444,0.36556627363804,1,4441241.90318297,146.624211977322,1,11.994700
0.100000,20260721,5,100,180,144,36,0.222222222222222,0.172527164605099,1,4389446.77011043,148.012221718078,1,12.284751
0.100000,20260721,1,1000,180,144,36,0.166666666666667,0.322826827117916,1,4561289.76704309,145.595737500545,1,12.071692
0.100000,20260721,2,1000,180,144,36,0.333333333333333,0.328784831341372,1,4510776.77154592,147.617362125868,1,11.938755
0.100000,20260721,3,1000,180,144,36,0.166666666666667,0.290992371778217,1,4394978.0211578,145.52290521786,1,12.236424
0.100000,20260721,4,1000,180,144,36,0.138888888888889,0.29892126121262,1,4450268.53222711,145.924092675536,1,12.233172
0.100000,20260721,5,1000,180,144,36,0.194444444444444,0.320275986127413,1,4398602.77682625,147.18875605111,1,12.067261
0.100000,20260721,1,10000,180,144,36,0.166666666666667,0.322826827117916,1,4649145.31715869,145.610793632675,0,12.100217
0.100000,20260721,2,10000,180,144,36,0.333333333333333,0.29453617873043,1,4606252.66424739,147.753652134495,0,12.105329
0.100000,20260721,3,10000,180,144,36,0.166666666666667,0.3587518773259,1,4482542.76204903,146.046472258042,0,12.002180
0.100000,20260721,4,10000,180,144,36,0.111111111111111,0.274158089557071,1,4540534.82266848,145.646743020623,0,12.253393
0.100000,20260721,5,10000,180,144,36,0.194444444444444,0.26614030908348,1,4490162.84398444,146.012669248213,0,12.078448
0.100000,20260722,1,1,180,144,36,0.25,0.283447595998474,0.569444444444444,4466325.79169779,115.63639872582,1,11.863028
0.100000,20260722,2,1,180,144,36,0.0833333333333333,0.277711899581227,0.590277777777778,4487392.32308678,115.636932501399,1,12.086102
0.100000,20260722,3,1,180,144,36,0.111111111111111,0.293163650769733,0.541666666666667,4539497.95194149,113.95403400462,1,12.188356
0.100000,20260722,4,1,180,144,36,0.0555555555555556,0.368586384709018,0.611111111111111,4489984.83409392,115.033937492604,1,12.062475
0.100000,20260722,5,1,180,144,36,0.222222222222222,0.334030714208567,0.569444444444444,4465156.27033014,115.667617278184,1,12.072079
0.100000,20260722,1,10,180,144,36,0.194444444444444,0.284512400352472,0.798611111111111,4466411.99545647,129.958640487626,1,12.231489
0.100000,20260722,2,10,180,144,36,0.0277777777777778,0.351985906332447,0.618055555555556,4487477.77053505,123.719688761801,1,12.064894
0.100000,20260722,3,10,180,144,36,0.166666666666667,0.187603592320061,0.729166666666667,4539596.67097206,127.540650961291,1,12.212586
0.100000,20260722,4,10,180,144,36,0.0833333333333333,0.310707371821434,0.715277777777778,4490073.45468593,127.685817700344,1,12.198154
0.100000,20260722,5,10,180,144,36,0.194444444444444,0.307872005971888,0.652777777777778,4465250.36929569,124.899943391361,1,7.294303
0.100000,20260722,1,100,180,144,36,0.25,0.233849535921035,1,4467274.0330433,146.614241121089,1,7.926736
0.100000,20260722,2,100,180,144,36,0.0833333333333333,0.276916139039379,1,4488332.24501776,147.067887250897,1,6.632536
0.100000,20260722,3,100,180,144,36,0.166666666666667,0.37969391336918,1,4540583.86127778,148.990827296288,1,6.608938
0.100000,20260722,4,100,180,144,36,0.25,0.240214018260956,1,4490959.66060602,150.431272102332,1,6.631352
0.100000,20260722,5,100,180,144,36,0.388888888888889,0.427623717580658,1,4466191.35895119,147.342139190259,1,6.633918
0.100000,20260722,1,1000,180,144,36,0.222222222222222,0.29664725494367,1,4475894.40891163,146.111703063114,1,6.634983
0.100000,20260722,2,1000,180,144,36,0.0555555555555556,0.225693767371186,1,4496876.98984486,146.972794815943,1,6.788381
0.100000,20260722,3,1000,180,144,36,0.194444444444444,0.477067885670118,1,4550455.76433494,147.205919872826,1,6.889053
0.100000,20260722,4,1000,180,144,36,0.333333333333333,0.233064394237571,1,4499821.71980692,146.586993597233,1,6.694034
0.100000,20260722,5,1000,180,144,36,0.388888888888889,0.357119729573235,1,4475601.25550614,146.926819809257,1,8.054849
0.100000,20260722,1,10000,180,144,36,0.194444444444444,0.346955039170852,1,4562098.16759486,146.116903472128,0,8.093075
0.100000,20260722,2,10000,180,144,36,0.0555555555555556,0.198754132480076,1,4582324.4381159,146.529507548714,0,8.117459
0.100000,20260722,3,10000,180,144,36,0.194444444444444,0.443955504690906,1,4649174.79490657,147.238152626642,0,8.362793
0.100000,20260722,4,10000,180,144,36,0.305555555555556,0.265194981127331,1,4588442.3118159,146.622759968785,0,8.123242
0.100000,20260722,5,10000,180,144,36,0.416666666666667,0.391216638456498,1,4569700.22105567,146.971837614831,0,8.130967
0.100000,20260723,1,1,180,144,36,0.111111111111111,0.393255301258317,0.541666666666667,4532412.59469669,114.427454945787,1,8.213145
0.100000,20260723,2,1,180,144,36,0.111111111111111,0.175822951204971,0.576388888888889,4630667.17755423,115.534954744828,1,8.100079
0.100000,20260723,3,1,180,144,36,0.0833333333333333,0.306475010377882,0.520833333333333,4617199.54023775,115.227480908756,1,8.118303
0.100000,20260723,4,1,180,144,36,0.25,0.203012542594283,0.5,4507556.12245513,114.325967929137,1,8.150291
0.100000,20260723,5,1,180,144,36,0.333333333333333,0.377181321472276,0.583333333333333,4501144.59373107,113.503457782531,1,8.445704
0.100000,20260723,1,10,180,144,36,0.138888888888889,0.245080324078856,0.777777777777778,4532505.82348516,134.555929750071,1,8.222730
0.100000,20260723,2,10,180,144,36,0.194444444444444,0.181778701223263,0.784722222222222,4630761.16179322,125.069340591165,1,8.201924
0.100000,20260723,3,10,180,144,36,0.138888888888889,0.314468107803526,0.826388888888889,4617290.70061928,130.55238786161,1,8.551967
0.100000,20260723,4,10,180,144,36,0.138888888888889,0.217726491839283,0.715277777777778,4507642.36519245,126.379153389328,1,8.211397
0.100000,20260723,5,10,180,144,36,0.138888888888889,0.303174670435717,0.645833333333333,4501233.76451938,118.60560471176,1,8.081266
0.100000,20260723,1,100,180,144,36,0.25,0.291926946654204,1,4533438.11136981,147.832447865308,1,8.138302
0.100000,20260723,2,100,180,144,36,0.222222222222222,0.213120941048605,1,4631701.00418313,145.892190157756,1,8.108025
0.100000,20260723,3,100,180,144,36,0.138888888888889,0.275234965605373,1,4618202.30443461,146.937744194958,1,8.055285
0.100000,20260723,4,100,180,144,36,0.305555555555556,0.366955087649912,1,4508504.7925657,149.072404568638,1,8.126176
0.100000,20260723,5,100,180,144,36,0.138888888888889,0.312987862003496,1,4502125.47240248,146.286351879311,1,8.155885
0.100000,20260723,1,1000,180,144,36,0.25,0.299602711591072,1,4542760.9902163,148.250746239488,1,8.059962
0.100000,20260723,2,1000,180,144,36,0.222222222222222,0.235079175313078,1,4641099.42808228,145.853372713778,1,8.158231
0.100000,20260723,3,1000,180,144,36,0.111111111111111,0.378725610999198,1,4627318.34258787,147.770609924717,1,8.124084
0.100000,20260723,4,1000,180,144,36,0.305555555555556,0.329086000252515,1,4517129.06629816,148.082540946581,1,8.099647
0.100000,20260723,5,1000,180,144,36,0.138888888888889,0.312987862003496,1,4511042.55123355,146.325840014144,1,8.126262
0.100000,20260723,1,10000,180,144,36,0.25,0.299602711591072,1,4635989.77868118,148.225775202053,0,8.212339
0.100000,20260723,2,10000,180,144,36,0.194444444444444,0.210550383242593,1,4735083.66707377,145.785756485388,0,8.086205
0.100000,20260723,3,10000,180,144,36,0.111111111111111,0.378725610999198,1,4718478.7241205,147.757044476866,0,8.186316
0.100000,20260723,4,10000,180,144,36,0.305555555555556,0.352294413506084,1,4603371.80362278,148.508789869911,0,8.172635
0.100000,20260723,5,10000,180,144,36,0.138888888888889,0.312987862003496,1,4600213.33954425,146.303084238219,0,8.088484
0.100000,20260724,1,1,180,144,36,0.388888888888889,0.367363755116887,0.520833333333333,4573105.34934917,114.8482612022,1,8.085235
0.100000,20260724,2,1,180,144,36,0.25,0.25112108630543,0.493055555555556,4443215.65671372,116.717128985167,1,8.175506
0.100000,20260724,3,1,180,144,36,0.194444444444444,0.261479944276501,0.520833333333333,4524184.71076184,113.953526096576,1,8.098782
0.100000,20260724,4,1,180,144,36,0.25,0.386569391172589,0.5625,4644381.51111043,113.861478514617,1,8.192667
0.100000,20260724,5,1,180,144,36,0.25,0.253951758971556,0.555555555555556,4510090.24319188,113.775610788586,1,8.110753
0.100000,20260724,1,10,180,144,36,0.277777777777778,0.37459863780656,0.534722222222222,4573199.25693107,118.44950155333,1,8.087216
0.100000,20260724,2,10,180,144,36,0.25,0.262888091153767,0.756944444444444,4443302.08375916,128.923909665346,1,8.101081
0.100000,20260724,3,10,180,144,36,0.25,0.351625176211119,0.506944444444444,4524274.01772519,118.561941784319,1,8.404490
0.100000,20260724,4,10,180,144,36,0.277777777777778,0.303757918383327,0.777777777777778,4644474.58576557,130.834248903475,1,8.475295
0.100000,20260724,5,10,180,144,36,0.222222222222222,0.254496468180134,0.833333333333333,4510178.45181287,127.550654302983,1,8.093981
0.100000,20260724,1,100,180,144,36,0.333333333333333,0.427654828217658,1,4574138.33275016,144.932037643534,1,8.221111
0.100000,20260724,2,100,180,144,36,0.194444444444444,0.289962522153427,1,4444166.35421358,144.581916001957,1,8.118120
0.100000,20260724,3,100,180,144,36,0.222222222222222,0.254168700374761,1,4525167.0873587,142.762806969473,1,8.128508
0.100000,20260724,4,100,180,144,36,0.333333333333333,0.350333099491692,1,4645405.33231693,144.368073955905,1,8.115571
0.100000,20260724,5,100,180,144,36,0.277777777777778,0.305747273280564,1,4511060.53802287,144.750561648025,1,8.295532
0.100000,20260724,1,1000,180,144,36,0.305555555555556,0.339925963298934,1,4583529.09094105,145.357829874968,1,8.179984
0.100000,20260724,2,1000,180,144,36,0.194444444444444,0.257560312313387,1,4452809.05875781,146.002494172464,1,8.158983
0.100000,20260724,3,1000,180,144,36,0.25,0.247051510016497,1,4534097.7836938,143.010874713197,1,8.252287
0.100000,20260724,4,1000,180,144,36,0.277777777777778,0.330874201211678,1,4654712.79783058,144.771430202219,1,8.590328
0.100000,20260724,5,1000,180,144,36,0.277777777777778,0.305747273280564,1,4519881.40012286,144.529091252939,1,8.150094
0.100000,20260724,1,10000,180,144,36,0.305555555555556,0.365826711131369,1,4677436.67284992,145.339045248479,0,8.099299
0.100000,20260724,2,10000,180,144,36,0.222222222222222,0.313439829868741,1,4539236.10420006,145.765165031138,0,8.083402
0.100000,20260724,3,10000,180,144,36,0.25,0.247051510016497,1,4623404.74704484,142.968366078011,0,8.275974
0.100000,20260724,4,10000,180,144,36,0.25,0.331328141997008,1,4747787.45296703,144.686669873798,0,8.155850
0.100000,20260724,5,10000,180,144,36,0.277777777777778,0.305747273280564,1,4608090.02112275,144.333864986976,0,8.110738
0.100000,20260725,1,1,180,144,36,0.194444444444444,0.241155245290979,0.520833333333333,4673145.04562994,115.228748871133,1,8.106276
0.100000,20260725,2,1,180,144,36,0.194444444444444,0.329869450896118,0.541666666666667,4413632.74658812,114.732753888968,1,8.020423
0.100000,20260725,3,1,180,144,36,0.138888888888889,0.303189327677986,0.534722222222222,4457945.03506696,115.355073088361,1,8.180518
0.100000,20260725,4,1,180,144,36,0.194444444444444,0.243499712058788,0.493055555555556,4472824.27193403,115.691784421438,1,8.146431
0.100000,20260725,5,1,180,144,36,0.0555555555555556,0.331426684469821,0.583333333333333,4460132.10312776,116.021143430691,1,8.097636
0.100000,20260725,1,10,180,144,36,0.194444444444444,0.237039347746511,0.583333333333333,4673232.32360357,119.089302996073,1,8.201053
0.100000,20260725,2,10,180,144,36,0.0833333333333333,0.279790360226197,0.631944444444444,4413715.58221579,125.459792970282,1,8.069239
0.100000,20260725,3,10,180,144,36,0.222222222222222,0.246969013185084,0.625,4458042.20154726,123.087536411854,1,8.398545
0.100000,20260725,4,10,180,144,36,0.277777777777778,0.240404373007122,0.555555555555556,4472916.62979218,120.280620710546,1,8.094022
0.100000,20260725,5,10,180,144,36,0.25,0.262484866797664,0.722222222222222,4460225.97160654,129.713756162293,1,8.141479
0.100000,20260725,1,100,180,144,36,0.305555555555556,0.313705000951153,1,4674105.10333989,145.640169005581,1,8.074388
0.100000,20260725,2,100,180,144,36,0.166666666666667,0.250568100295797,1,4414543.93849246,146.465658450376,1,8.138572
0.100000,20260725,3,100,180,144,36,0.333333333333333,0.273509404786524,1,4459013.86635027,146.609923281861,1,8.122565
0.100000,20260725,4,100,180,144,36,0.277777777777778,0.347883404849822,1,4473840.20837364,146.476892626698,1,8.113948
0.100000,20260725,5,100,180,144,36,0.222222222222222,0.433444584053884,1,4461164.65639442,144.511084596444,1,8.035254
0.100000,20260725,1,1000,180,144,36,0.333333333333333,0.289962522153427,1,4682832.90070306,146.491868983461,1,8.149276
0.100000,20260725,2,1000,180,144,36,0.194444444444444,0.231077525776107,1,4422827.50125923,144.753135036643,1,8.129053
0.100000,20260725,3,1000,180,144,36,0.222222222222222,0.423062297655736,1,4468730.51438041,145.792686674436,1,8.100112
0.100000,20260725,4,1000,180,144,36,0.333333333333333,0.363516508391104,1,4483075.99418826,145.85024171269,1,8.088883
0.100000,20260725,5,1000,180,144,36,0.222222222222222,0.475417346266281,1,4470551.50427322,144.562851905781,1,8.086920
0.100000,20260725,1,10000,180,144,36,0.333333333333333,0.323380626857724,1,4770110.87433482,146.657195542431,0,8.233904
0.100000,20260725,2,10000,180,144,36,0.138888888888889,0.266140309083479,1,4505663.12892693,144.80819173983,0,8.096950
0.100000,20260725,3,10000,180,144,36,0.25,0.309858583966072,1,4565896.99468178,146.704653113718,0,8.158578
0.100000,20260725,4,10000,180,144,36,0.361111111111111,0.384937647242274,1,4575433.85233452,145.72013619807,0,8.120136
0.100000,20260725,5,10000,180,144,36,0.222222222222222,0.475417346266281,1,4564419.98306124,144.566660128737,0,7.991559
0.100000,20260726,1,1,180,144,36,0.166666666666667,0.335312918497374,0.597222222222222,4505013.1993586,114.620147220046,1,8.131555
0.100000,20260726,2,1,180,144,36,0.0833333333333333,0.348326110402041,0.638888888888889,4561856.84399501,115.494687356145,1,8.168570
0.100000,20260726,3,1,180,144,36,0.111111111111111,0.277217912984272,0.458333333333333,4494018.74629416,114.34224171862,1,8.132708
0.100000,20260726,4,1,180,144,36,0.194444444444444,0.221758409987516,0.520833333333333,4474798.98364135,114.714064900665,1,8.225345
0.100000,20260726,5,1,180,144,36,0.333333333333333,0.254206982616514,0.569444444444444,4488426.21461282,114.277470649234,1,8.149030
0.100000,20260726,1,10,180,144,36,0.166666666666667,0.33042378108341,0.861111111111111,4505093.75506583,130.9991696684,1,8.098199
0.100000,20260726,2,10,180,144,36,0.138888888888889,0.20684350488303,0.75,4561945.89834061,125.737808586591,1,8.089830
0.100000,20260726,3,10,180,144,36,0.138888888888889,0.268496206913285,0.798611111111111,4494117.4801298,130.297988129417,1,8.339735
0.100000,20260726,4,10,180,144,36,0.222222222222222,0.288000294616724,0.819444444444444,4474887.64593886,130.39920242228,1,8.022169
0.100000,20260726,5,10,180,144,36,0.222222222222222,0.243272625600659,0.8125,4488519.95217754,131.547308472714,1,8.103602
0.100000,20260726,1,100,180,144,36,0.222222222222222,0.420751108692297,1,4505899.31213812,147.942563357093,1,8.115032
0.100000,20260726,2,100,180,144,36,0.111111111111111,0.28921449232661,1,4562836.44179667,145.665942480835,1,8.081617
0.100000,20260726,3,100,180,144,36,0.333333333333333,0.371384213509133,1,4495104.81848626,145.529519576946,1,8.075834
0.100000,20260726,4,100,180,144,36,0.333333333333333,0.310054085919409,1,4475774.26891398,145.804733132405,1,8.160106
0.100000,20260726,5,100,180,144,36,0.25,0.235079175313078,1,4489457.32782479,144.875388222183,1,8.103430
0.100000,20260726,1,1000,180,144,36,0.25,0.306013956696434,1,4513954.88286101,144.876549152208,1,8.172638
0.100000,20260726,2,1000,180,144,36,0.194444444444444,0.325333641481162,1,4571741.87635722,146.462208416607,1,8.116765
0.100000,20260726,3,1000,180,144,36,0.361111111111111,0.349333649512555,1,4504978.2020508,147.697746529522,1,8.133534
0.100000,20260726,4,1000,180,144,36,0.361111111111111,0.294244663365797,1,4484640.49866513,144.981384517113,1,8.093943
0.100000,20260726,5,1000,180,144,36,0.166666666666667,0.283815490560933,1,4498831.08429723,145.062291579279,1,8.108519
0.100000,20260726,1,10000,180,144,36,0.25,0.306013956696434,1,4594510.59008995,144.820319161447,0,8.086450
0.100000,20260726,2,10000,180,144,36,0.194444444444444,0.293957691254737,1,4660796.2219627,146.07763917564,0,8.069543
0.100000,20260726,3,10000,180,144,36,0.361111111111111,0.373485608062789,1,4603712.03769623,147.16818801369,0,8.150909
0.100000,20260726,4,10000,180,144,36,0.361111111111111,0.294244663365797,1,4573302.79617663,144.9510233834,0,8.150245
0.100000,20260726,5,10000,180,144,36,0.138888888888889,0.289616446763019,1,4592568.64902167,144.732732572394,0,8.231176
0.100000,20260727,1,1,180,144,36,0.194444444444444,0.217547440485482,0.527777777777778,4449542.15227623,115.926973070107,1,8.146120
0.100000,20260727,2,1,180,144,36,0.277777777777778,0.222560620512564,0.569444444444444,4637326.75500091,116.749568309606,1,8.077111
0.100000,20260727,3,1,180,144,36,0.166666666666667,0.251755614853632,0.527777777777778,4491850.87074143,115.595829255193,1,8.089117
0.100000,20260727,4,1,180,144,36,0.166666666666667,0.236809290617003,0.555555555555556,4569902.01186771,115.107586200432,1,8.142936
0.100000,20260727,5,1,180,144,36,0.0555555555555556,0.261058891074165,0.597222222222222,4548942.08350053,114.191810467128,1,8.032500
0.100000,20260727,1,10,180,144,36,0.194444444444444,0.281405935157462,0.673611111111111,4449630.94242444,127.269438064986,1,8.171901
0.100000,20260727,2,10,180,144,36,0.305555555555556,0.248193000744278,0.548611111111111,4637416.21449979,121.986210956598,1,8.088213
0.100000,20260727,3,10,180,144,36,0.111111111111111,0.236008925747513,0.5625,4491944.34514632,123.445154217086,1,8.213432
0.100000,20260727,4,10,180,144,36,0.166666666666667,0.267887060815714,0.75,4569988.85392769,129.766748523324,1,8.082941
0.100000,20260727,5,10,180,144,36,0.111111111111111,0.304387084604968,0.638888888888889,4549033.96317074,128.65681029729,1,8.167649
0.100000,20260727,1,100,180,144,36,0.166666666666667,0.274295436125695,1,4450518.84390657,146.290906033724,1,8.093901
0.100000,20260727,2,100,180,144,36,0.277777777777778,0.312774593660891,1,4638310.80948864,146.699314016063,1,8.086638
0.100000,20260727,3,100,180,144,36,0.25,0.226605305595055,1,4492879.08919525,146.115529031591,1,8.113058
0.100000,20260727,4,100,180,144,36,0.0555555555555556,0.25425349106732,1,4570857.2745274,148.048275797174,1,8.025852
0.100000,20260727,5,100,180,144,36,0.138888888888889,0.322499059230937,1,4549952.75987286,146.559267251712,1,9.001837
0.100000,20260727,1,1000,180,144,36,0.194444444444444,0.288369158860178,1,4459397.85872792,145.737772418305,1,8.056598
0.100000,20260727,2,1000,180,144,36,0.25,0.252158396115084,1,4647256.75937716,146.429300797482,1,8.036416
0.100000,20260727,3,1000,180,144,36,0.166666666666667,0.190188531893139,1,4502226.52968453,146.292255510396,1,8.174714
0.100000,20260727,4,1000,180,144,36,0.111111111111111,0.20901336719398,1,4579541.48052452,147.612672608518,1,8.104375
0.100000,20260727,5,1000,180,144,36,0.138888888888889,0.343633424923148,1,4559140.72689408,146.104060535723,1,8.129792
0.100000,20260727,1,10000,180,144,36,0.25,0.249250691532943,1,4548188.00694133,145.808338846374,0,8.109011
0.100000,20260727,2,10000,180,144,36,0.222222222222222,0.241453783445888,1,4736716.25826236,146.241915548854,0,8.084148
0.100000,20260727,3,10000,180,144,36,0.194444444444444,0.260353079752415,1,4595700.93457741,146.242828220398,0,8.154002
0.100000,20260727,4,10000,180,144,36,0.111111111111111,0.183736722409191,1,4666383.54049576,146.754231724935,0,8.116250
0.100000,20260727,5,10000,180,144,36,0.138888888888889,0.296400103707666,1,4651020.3971062,146.370531778951,0,8.088880
0.100000,20260728,1,1,180,144,36,0.25,0.39131232067054,0.548611111111111,4554620.53871767,116.257890254725,1,8.139884
0.100000,20260728,2,1,180,144,36,0.166666666666667,0.259943328247182,0.513888888888889,4651269.18530586,115.733086636916,1,8.136102
0.100000,20260728,3,1,180,144,36,0.222222222222222,0.256786913920751,0.625,4521486.23476506,114.54575347946,1,8.088805
0.100000,20260728,4,1,180,144,36,0.111111111111111,0.274903033480453,0.541666666666667,4542994.0842236,113.918364492347,1,8.177662
0.100000,20260728,5,1,180,144,36,0.25,0.227413564561964,0.541666666666667,4565898.58959911,115.685568705763,1,8.092739
0.100000,20260728,1,10,180,144,36,0.222222222222222,0.390802413742876,0.819444444444444,4554709.38055312,130.915010659802,1,8.057137
0.100000,20260728,2,10,180,144,36,0.111111111111111,0.265421220654726,0.756944444444444,4651360.05189226,130.792965994708,1,8.124726
0.100000,20260728,3,10,180,144,36,0.25,0.210112507085021,0.659722222222222,4521578.27178407,121.937700294865,1,8.252892
0.100000,20260728,4,10,180,144,36,0.222222222222222,0.324016359470079,0.770833333333333,4543075.00467187,128.869404008278,1,8.131248
0.100000,20260728,5,10,180,144,36,0.277777777777778,0.339927865476886,0.618055555555556,4565986.32997365,123.814415914395,1,8.168813
0.100000,20260728,1,100,180,144,36,0.25,0.302705425675613,1,4555597.79890758,145.179714645371,1,8.207362
0.100000,20260728,2,100,180,144,36,0.166666666666667,0.270884559661606,1,4652268.71775626,143.634284496699,1,8.111564
0.100000,20260728,3,100,180,144,36,0.25,0.176340510012709,1,4522498.64197418,145.686304452794,1,7.984137
0.100000,20260728,4,100,180,144,36,0.166666666666667,0.265578963376617,1,4543884.20915455,144.710347847445,1,8.119698
0.100000,20260728,5,100,180,144,36,0.277777777777778,0.296955942288161,1,4566863.73371897,146.152958368846,1,8.060152
0.100000,20260728,1,1000,180,144,36,0.277777777777778,0.369750237378184,1,4564481.98245215,146.615110223171,1,8.052037
0.100000,20260728,2,1000,180,144,36,0.25,0.347160982693719,1,4661355.37639622,143.424307261988,1,8.195328
0.100000,20260728,3,1000,180,144,36,0.305555555555556,0.229580410457717,1,4531702.34387522,144.569717375154,1,8.105351
0.100000,20260728,4,1000,180,144,36,0.222222222222222,0.276139834116829,1,4551976.25398138,143.838727026778,1,8.203670
0.100000,20260728,5,1000,180,144,36,0.194444444444444,0.315149521467748,1,4575637.77117219,146.207005575844,1,8.201597
0.100000,20260728,1,10000,180,144,36,0.333333333333333,0.395247445761663,1,4653323.81789792,146.625265505713,0,8.158805
0.100000,20260728,2,10000,180,144,36,0.25,0.323643464481272,1,4752221.9627959,143.350456884324,0,8.215531
0.100000,20260728,3,10000,180,144,36,0.305555555555556,0.25920498328821,1,4623739.36288564,144.635268477906,0,8.215941
0.100000,20260728,4,10000,180,144,36,0.222222222222222,0.276139834116829,1,4632896.70224962,143.690803517861,0,8.212353
0.100000,20260728,5,10000,180,144,36,0.166666666666667,0.279790360226197,1,4663378.1457044,146.544908898754,0,8.157772
0.100000,20260729,1,1,180,144,36,0.222222222222222,0.270884559661606,0.631944444444444,4430627.30453417,113.963518725975,1,8.212513
0.100000,20260729,2,1,180,144,36,0.277777777777778,0.295653548797823,0.5625,4566497.82745289,113.289609395155,1,8.236006
0.100000,20260729,3,1,180,144,36,0.166666666666667,0.318024843796801,0.611111111111111,4516169.84668174,113.870054859038,1,8.137910
0.100000,20260729,4,1,180,144,36,0.166666666666667,0.323105033664189,0.597222222222222,4688488.32531343,115.247500530408,1,8.253160
0.100000,20260729,5,1,180,144,36,0.166666666666667,0.305765548735607,0.548611111111111,4462772.29080692,113.92654688765,1,8.191185
0.100000,20260729,1,10,180,144,36,0.111111111111111,0.320123021002981,0.8125,4430720.8460031,128.075890342883,1,8.224324
0.100000,20260729,2,10,180,144,36,0.388888888888889,0.312695720305927,0.625,4566587.5665406,122.586853052203,1,8.181335
0.100000,20260729,3,10,180,144,36,0.166666666666667,0.310436832882109,0.861111111111111,4516259.45819494,128.964190524676,1,8.306273
0.100000,20260729,4,10,180,144,36,0.277777777777778,0.329656627492323,0.75,4688584.7151809,128.341184724542,1,8.107098
0.100000,20260729,5,10,180,144,36,0.222222222222222,0.375991770791019,0.576388888888889,4462857.38719753,120.747896517189,1,8.195477
0.100000,20260729,1,100,180,144,36,0.25,0.330243995324606,1,4431656.26069243,145.615545073388,1,8.209903
0.100000,20260729,2,100,180,144,36,0.25,0.275414373334716,1,4567484.95741773,146.339402720602,1,8.190872
0.100000,20260729,3,100,180,144,36,0.222222222222222,0.345186622526611,1,4517155.57332688,144.601730470915,1,8.122102
0.100000,20260729,4,100,180,144,36,0.222222222222222,0.303772031727404,1,4689548.61385557,146.289855747145,1,8.209039
0.100000,20260729,5,100,180,144,36,0.222222222222222,0.366874425628755,1,4463708.35110363,147.549856767881,1,8.192740
0.100000,20260729,1,1000,180,144,36,0.111111111111111,0.225829648186585,1,4441010.40758569,145.468251721088,1,8.182949
0.100000,20260729,2,1000,180,144,36,0.166666666666667,0.262262020385265,1,4576458.866189,145.765976832659,1,8.148821
0.100000,20260729,3,1000,180,144,36,0.25,0.372874692497618,1,4526116.72464634,145.501814383107,1,8.228665
0.100000,20260729,4,1000,180,144,36,0.305555555555556,0.353427003842288,1,4699187.60060229,145.57132458318,1,8.166343
0.100000,20260729,5,1000,180,144,36,0.166666666666667,0.425932353233841,1,4472217.99016459,145.653162049572,1,8.122662
0.100000,20260729,1,10000,180,144,36,0.138888888888889,0.199753311323937,1,4534551.87651833,145.296603131921,0,8.177771
0.100000,20260729,2,10000,180,144,36,0.166666666666667,0.262262020385265,1,4666197.95390171,145.63650167624,0,8.181228
0.100000,20260729,3,10000,180,144,36,0.222222222222222,0.376233089315622,1,4615728.23784093,145.927102591387,0,8.105987
0.100000,20260729,4,10000,180,144,36,0.305555555555556,0.353427003842288,1,4795577.46806953,145.510167116687,0,8.260511
0.100000,20260729,5,10000,180,144,36,0.166666666666667,0.425932353233841,1,4557314.38077421,145.580913766965,0,8.159940
0.100000,20260730,1,1,180,144,36,0.305555555555556,0.298399464754291,0.506944444444444,4662652.58058402,114.076035339218,1,8.164739
0.100000,20260730,2,1,180,144,36,0.25,0.203277377578556,0.548611111111111,4615226.35906966,113.934329212527,1,8.275452
0.100000,20260730,3,1,180,144,36,0.111111111111111,0.307031131917647,0.5,4592711.93510923,117.766738222492,1,8.211433
0.100000,20260730,4,1,180,144,36,0.222222222222222,0.292589499966957,0.590277777777778,4585062.56148333,113.706461677638,1,8.201729
0.100000,20260730,5,1,180,144,36,0.166666666666667,0.275776427419127,0.527777777777778,4478373.73888375,113.96410042309,1,8.192962
0.100000,20260730,1,10,180,144,36,0.361111111111111,0.248126545397137,0.659722222222222,4662736.78003526,123.484334154807,1,8.160087
0.100000,20260730,2,10,180,144,36,0.222222222222222,0.23995302196724,0.708333333333333,4615310.33493533,125.617343252829,1,8.193637
0.100000,20260730,3,10,180,144,36,0.194444444444444,0.189160451903864,0.8125,4592812.40821425,132.173336912851,1,8.323472
0.100000,20260730,4,10,180,144,36,0.194444444444444,0.291761885554284,0.75,4585149.55067916,127.498277536163,1,8.161437
0.100000,20260730,5,10,180,144,36,0.166666666666667,0.230022989628596,0.534722222222222,4478469.18786875,121.008617480406,1,8.202854
0.100000,20260730,1,100,180,144,36,0.222222222222222,0.253593023172807,1,4663578.77454768,145.803320417776,1,8.170077
0.100000,20260730,2,100,180,144,36,0.277777777777778,0.21632227829182,1,4616150.09359205,145.398550789809,1,8.103285
0.100000,20260730,3,100,180,144,36,0.0555555555555556,0.335273977234701,1,4593817.13926444,143.312570845387,1,8.178750
0.100000,20260730,4,100,180,144,36,0.25,0.338145288057211,1,4586019.44263748,145.478212225478,1,8.305192
0.100000,20260730,5,100,180,144,36,0.166666666666667,0.248039650826288,1,4479423.67771875,144.87916316287,1,8.102381
0.100000,20260730,1,1000,180,144,36,0.25,0.202824272181596,1,4671998.71967189,145.616595187748,1,8.172248
0.100000,20260730,2,1000,180,144,36,0.305555555555556,0.238403704062512,1,4624547.68015931,145.511055650398,1,8.221863
0.100000,20260730,3,1000,180,144,36,0.25,0.325057912379288,1,4603864.44976635,147.165272748147,1,8.169978
0.100000,20260730,4,1000,180,144,36,0.222222222222222,0.287453236908051,1,4594718.36222068,146.304054561238,1,8.130516
0.100000,20260730,5,1000,180,144,36,0.194444444444444,0.297258903968235,1,4488968.57621872,145.321032640518,1,8.198060
0.100000,20260730,1,10000,180,144,36,0.25,0.202824272181596,1,4756198.17091393,145.683049006965,0,8.195332
0.100000,20260730,2,10000,180,144,36,0.305555555555556,0.238403704062512,1,4708523.5458319,145.24434851618,0,8.118215
0.100000,20260730,3,10000,180,144,36,0.222222222222222,0.355824885952472,1,4704337.55478543,145.755023620631,0,8.193516
0.100000,20260730,4,10000,180,144,36,0.25,0.276718346359027,1,4681707.55805265,146.221941603517,0,8.166331
0.100000,20260730,5,10000,180,144,36,0.166666666666667,0.254083032707965,1,4584417.56121848,145.148145494675,0,8.192167
0.200000,20260711,1,1,360,288,72,0.208333333333333,0.103934859824567,0.399305555555556,4509853.48316124,115.135902858333,1,8.053614
0.200000,20260711,2,1,360,288,72,0.152777777777778,0.111958303460423,0.427083333333333,4553547.89460063,115.430895491632,1,8.158084
0.200000,20260711,3,1,360,288,72,0.138888888888889,0.103166854294954,0.413194444444444,4531833.10895004,117.44316891607,1,8.329629
0.200000,20260711,4,1,360,288,72,0.138888888888889,0.109926118951133,0.447916666666667,4482764.00884849,115.652908324552,1,8.157761
0.200000,20260711,5,1,360,288,72,0.138888888888889,0.17978613085906,0.430555555555556,4498500.62002398,115.003325338958,1,8.177497
0.200000,20260711,1,10,360,288,72,0.125,0.150401775701196,0.680555555555556,4509936.15753014,129.203694750342,1,8.271244
0.200000,20260711,2,10,360,288,72,0.208333333333333,0.134700260189397,0.701388888888889,4553635.07492212,135.083292700399,1,8.231370
0.200000,20260711,3,10,360,288,72,0.194444444444444,0.163399887639398,0.486111111111111,4531926.83138277,121.437524409077,1,8.226491
0.200000,20260711,4,10,360,288,72,0.263888888888889,0.180370845884316,0.628472222222222,4482859.77798435,129.6347368795,1,8.183758
0.200000,20260711,5,10,360,288,72,0.111111111111111,0.22622169516325,0.569444444444444,4498593.09701099,120.728124563518,1,8.222474
0.200000,20260711,1,100,360,288,72,0.194444444444444,0.138665595378717,0.989583333333333,4510762.90121914,165.89041949937,1,8.297841
0.200000,20260711,2,100,360,288,72,0.291666666666667,0.159455782295702,0.996527777777778,4554506.87813704,166.512163591229,1,8.299912
0.200000,20260711,3,100,360,288,72,0.152777777777778,0.257297227240767,0.989583333333333,4532864.05571005,165.371104645374,1,8.256706
0.200000,20260711,4,100,360,288,72,0.263888888888889,0.186322420071874,0.989583333333333,4483817.46934295,167.093348360478,1,8.148493
0.200000,20260711,5,100,360,288,72,0.291666666666667,0.17988428377278,1,4499517.86688117,165.357305303276,1,8.256423
0.200000,20260711,1,1000,360,288,72,0.180555555555556,0.114995055347238,1,4519030.33810915,166.318715064865,1,8.181370
0.200000,20260711,2,1000,360,288,72,0.277777777777778,0.233680106192931,1,4563224.91028627,167.149184874432,1,8.213727
0.200000,20260711,3,1000,360,288,72,0.138888888888889,0.210871808401753,1,4542236.29898291,166.040638148432,1,8.251670
0.200000,20260711,4,1000,360,288,72,0.291666666666667,0.219900054906226,1,4493394.38292893,167.470864615525,1,8.569480
0.200000,20260711,5,1000,360,288,72,0.263888888888889,0.182618533620746,1,4508765.56558295,165.486903665839,1,8.836680
0.200000,20260711,1,10000,360,288,72,0.194444444444444,0.117037864360982,1,4601704.70700927,166.588274024203,0,8.150927
0.200000,20260711,2,10000,360,288,72,0.277777777777778,0.222017245618243,1,4650405.23177853,167.293771005477,0,8.098591
0.200000,20260711,3,10000,360,288,72,0.138888888888889,0.199621945238949,1,4635958.73171151,165.955901392292,0,8.131995
0.200000,20260711,4,10000,360,288,72,0.291666666666667,0.214727523817451,1,4589163.51878868,167.727741054355,0,8.252086
0.200000,20260711,5,10000,360,288,72,0.263888888888889,0.182618533620746,1,4601242.55260068,165.462772272289,0,8.062280
0.200000,20260712,1,1,360,288,72,0.222222222222222,0.22840352830058,0.458333333333333,4462667.98489538,114.501135521544,1,8.212329
0.200000,20260712,2,1,360,288,72,0.194444444444444,0.172992872253631,0.423611111111111,4651693.96663942,117.139373104303,1,8.218271
0.200000,20260712,3,1,360,288,72,0.277777777777778,0.199850612397131,0.482638888888889,4440752.99302657,114.163188664995,1,8.140756
0.200000,20260712,4,1,360,288,72,0.25,0.139187439915955,0.479166666666667,4652427.68569375,116.490406669362,1,8.173571
0.200000,20260712,5,1,360,288,72,0.222222222222222,0.179744164042211,0.427083333333333,4561665.41011837,116.640479425024,1,8.374600
0.200000,20260712,1,10,360,288,72,0.222222222222222,0.198536439457592,0.746527777777778,4462752.10421411,132.693421604987,1,8.148949
0.200000,20260712,2,10,360,288,72,0.194444444444444,0.183570144977952,0.579861111111111,4651784.56584597,122.439314500158,1,8.232496
0.200000,20260712,3,10,360,288,72,0.194444444444444,0.135142151299769,0.722222222222222,4440836.82820492,131.862433792698,1,8.288700
0.200000,20260712,4,10,360,288,72,0.236111111111111,0.179843427872909,0.711805555555556,4652520.25413534,131.128887762299,1,8.127415
0.200000,20260712,5,10,360,288,72,0.236111111111111,0.143144988407116,0.583333333333333,4561756.41113543,125.330101272957,1,8.133599
0.200000,20260712,1,100,360,288,72,0.208333333333333,0.226749914327832,1,4463593.29740143,165.015797821012,1,8.137545
0.200000,20260712,2,100,360,288,72,0.263888888888889,0.167953882352671,1,4652690.55791147,166.397731007853,1,8.208505
0.200000,20260712,3,100,360,288,72,0.277777777777778,0.160710291433516,1,4441675.17998845,166.142786938133,1,8.138962
0.200000,20260712,4,100,360,288,72,0.236111111111111,0.103611268979228,1,4653445.9385512,164.671116345295,1,8.194950
0.200000,20260712,5,100,360,288,72,0.194444444444444,0.106805867709895,1,4562666.42130603,166.779103581281,1,8.292813
0.200000,20260712,1,1000,360,288,72,0.152777777777778,0.242625066797591,1,4472005.2292746,166.200282253413,1,8.185569
0.200000,20260712,2,1000,360,288,72,0.25,0.181832700869755,1,4661750.47856644,166.801821751655,1,8.155824
0.200000,20260712,3,1000,360,288,72,0.291666666666667,0.201634484294934,1,4450058.69782377,165.522708619838,1,8.189854
0.200000,20260712,4,1000,360,288,72,0.236111111111111,0.139815738173045,1,4662702.78270983,165.439107606911,1,8.230985
0.200000,20260712,5,1000,360,288,72,0.236111111111111,0.142397424977023,1,4571766.52301203,167.201770159165,1,8.152445
0.200000,20260712,1,10000,360,288,72,0.166666666666667,0.244158233505964,1,4556124.54800635,165.781798695532,0,8.215225
0.200000,20260712,2,10000,360,288,72,0.25,0.177219483331325,1,4752349.68511613,166.67626133059,0,8.204446
0.200000,20260712,3,10000,360,288,72,0.291666666666667,0.177863907788024,1,4533893.87617691,165.389141004609,0,8.178070
0.200000,20260712,4,10000,360,288,72,0.236111111111111,0.114673145021431,1,4755271.22429608,165.456679216972,0,8.113036
0.200000,20260712,5,10000,360,288,72,0.222222222222222,0.126533841632372,1,4662767.54007209,167.465614283874,0,8.221185
0.200000,20260713,1,1,360,288,72,0.125,0.105489944279811,0.395833333333333,4538092.38803122,117.19523294529,1,8.111726
0.200000,20260713,2,1,360,288,72,0.194444444444444,0.154468910112817,0.475694444444444,4690671.81860382,117.296153141286,1,8.062658
0.200000,20260713,3,1,360,288,72,0.194444444444444,0.138902137892717,0.5,4416095.45232272,117.58700207871,1,8.214636
0.200000,20260713,4,1,360,288,72,0.138888888888889,0.120818022265854,0.368055555555556,4495376.72943413,115.523165517411,1,8.174872
0.200000,20260713,5,1,360,288,72,0.111111111111111,0.224694312710394,0.430555555555556,4564715.49856611,115.403595882198,1,8.223616
0.200000,20260713,1,10,360,288,72,0.194444444444444,0.102351108751895,0.458333333333333,4538180.02132534,118.358438964187,1,8.141941
0.200000,20260713,2,10,360,288,72,0.180555555555556,0.0976309503503221,0.517361111111111,4690760.6847826,119.604009431274,1,8.302787
0.200000,20260713,3,10,360,288,72,0.277777777777778,0.153589609565208,0.677083333333333,4416191.66341406,128.301146409735,1,8.154910
0.200000,20260713,4,10,360,288,72,0.222222222222222,0.181541381633795,0.597222222222222,4495468.13838194,121.397317380739,1,8.262689
0.200000,20260713,5,10,360,288,72,0.138888888888889,0.187025672758876,0.576388888888889,4564799.56800952,127.655631470489,1,8.224165
0.200000,20260713,1,100,360,288,72,0.194444444444444,0.144985220085781,1,4539056.3542665,166.160039296921,1,8.146552
0.200000,20260713,2,100,360,288,72,0.222222222222222,0.204394220398795,1,4691649.34657038,167.008848594787,1,8.273911
0.200000,20260713,3,100,360,288,72,0.263888888888889,0.150795454638114,1,4417153.77432745,164.806162454832,1,8.150716
0.200000,20260713,4,100,360,288,72,0.236111111111111,0.118763629696447,1,4496382.2278601,166.980990711547,1,8.199993
0.200000,20260713,5,100,360,288,72,0.333333333333333,0.166164182590687,1,4565640.26244358,167.908580684909,1,8.110883
0.200000,20260713,1,1000,360,288,72,0.208333333333333,0.165418400701887,1,4547819.68367809,166.238567761452,1,8.091980
0.200000,20260713,2,1000,360,288,72,0.208333333333333,0.188158380024596,1,4700535.96444819,166.87808164056,1,8.218515
0.200000,20260713,3,1000,360,288,72,0.263888888888889,0.105661908856034,1,4426774.88346136,164.447055906658,1,8.156377
0.200000,20260713,4,1000,360,288,72,0.25,0.139280512323914,1,4505523.12264165,166.558098222554,1,8.159454
0.200000,20260713,5,1000,360,288,72,0.277777777777778,0.199315157342379,1,4574047.20678425,166.869487433234,1,8.120724
0.200000,20260713,1,10000,360,288,72,0.208333333333333,0.13281379993985,1,4635452.97779398,166.249155465935,0,8.287143
0.200000,20260713,2,10000,360,288,72,0.208333333333333,0.191144702004812,1,4789402.14322621,166.922326385672,0,8.107723
0.200000,20260713,3,10000,360,288,72,0.277777777777778,0.10772813171457,1,4522985.97480047,164.500948331803,0,8.170127
0.200000,20260713,4,10000,360,288,72,0.236111111111111,0.148550799556379,1,4596932.07045715,166.376155785526,0,8.257788
0.200000,20260713,5,10000,360,288,72,0.305555555555556,0.234724504922363,1,4658116.65019086,166.686531813534,0,8.149073
0.200000,20260714,1,1,360,288,72,0.25,0.20816592840297,0.392361111111111,4510874.96631647,116.142939251815,1,8.169709
0.200000,20260714,2,1,360,288,72,0.166666666666667,0.0572445085496829,0.381944444444444,4588750.63441542,115.639538216383,1,8.182310
0.200000,20260714,3,1,360,288,72,0.138888888888889,0.152627724753849,0.434027777777778,4612561.74847988,118.045078557813,1,8.064448
0.200000,20260714,4,1,360,288,72,0.166666666666667,0.185601017063729,0.430555555555556,4393229.70111429,118.776166758298,1,8.235368
0.200000,20260714,5,1,360,288,72,0.152777777777778,0.170360003726337,0.381944444444444,4592714.03848871,116.245733795584,1,8.132205
0.200000,20260714,1,10,360,288,72,0.277777777777778,0.197057621639214,0.409722222222222,4510961.34593511,119.312144060967,1,8.187200
0.200000,20260714,2,10,360,288,72,0.25,0.124395118316756,0.621527777777778,4588842.09827582,123.461654987014,1,8.348116
0.200000,20260714,3,10,360,288,72,0.180555555555556,0.152354022531965,0.510416666666667,4612654.28290174,122.777460965386,1,8.144965
0.200000,20260714,4,10,360,288,72,0.25,0.138153870322952,0.427083333333333,4393321.84810412,120.023573429671,1,8.191751
0.200000,20260714,5,10,360,288,72,0.263888888888889,0.14028359060839,0.59375,4592800.56861678,127.567479839868,1,8.277834
0.200000,20260714,1,100,360,288,72,0.277777777777778,0.162687234711675,1,4511825.14212158,167.335017276226,1,8.147260
0.200000,20260714,2,100,360,288,72,0.25,0.193111835916693,0.989583333333333,4589756.73687984,164.585161597382,1,8.178306
0.200000,20260714,3,100,360,288,72,0.25,0.198964350052298,0.993055555555556,4613579.62712035,166.907701248165,1,8.257451
0.200000,20260714,4,100,360,288,72,0.25,0.136677507498293,0.979166666666667,4394243.31800239,164.28974916346,1,8.158347
0.200000,20260714,5,100,360,288,72,0.319444444444444,0.193532558608929,0.996527777777778,4593665.86989754,165.813007053324,1,8.275511
0.200000,20260714,1,1000,360,288,72,0.277777777777778,0.17439879585792,1,4520463.10398625,169.172113768439,1,8.335291
0.200000,20260714,2,1000,360,288,72,0.236111111111111,0.19427808802795,1,4598903.12292006,165.770779263576,1,8.175283
0.200000,20260714,3,1000,360,288,72,0.263888888888889,0.215564518245779,1,4622833.06930648,168.10521541217,1,8.085628
0.200000,20260714,4,1000,360,288,72,0.25,0.149526697292814,1,4403458.01698506,166.775600582548,1,8.212540
0.200000,20260714,5,1000,360,288,72,0.277777777777778,0.168517849183203,1,4602318.88270511,166.823152295037,1,8.135898
0.200000,20260714,1,10000,360,288,72,0.347222222222222,0.205910600290562,1,4606842.72263294,167.349732477456,0,8.160656
0.200000,20260714,2,10000,360,288,72,0.236111111111111,0.19427808802795,1,4690366.98332221,165.757851395762,0,8.200649
0.200000,20260714,3,10000,360,288,72,0.263888888888889,0.202424044564215,1,4715367.4911678,168.00211658843,0,8.190568
0.200000,20260714,4,10000,360,288,72,0.236111111111111,0.14422020739114,1,4495605.0068118,166.816646930888,0,8.131529
0.200000,20260714,5,10000,360,288,72,0.291666666666667,0.197515290780838,1,4688849.01078077,166.761598842977,0,8.143399
0.200000,20260715,1,1,360,288,72,0.208333333333333,0.229693016282542,0.461805555555556,4522467.72536422,116.996411327647,1,8.135357
0.200000,20260715,2,1,360,288,72,0.25,0.130881265538771,0.46875,4456480.65739748,114.882691723668,1,8.114480
0.200000,20260715,3,1,360,288,72,0.208333333333333,0.177157823082203,0.440972222222222,4385924.44680205,115.218330074391,1,8.146996
0.200000,20260715,4,1,360,288,72,0.236111111111111,0.157886751688341,0.506944444444444,4477618.0734103,115.719645465232,1,8.152030
0.200000,20260715,5,1,360,288,72,0.277777777777778,0.1058752547017,0.423611111111111,4554882.71201079,115.419318785408,1,8.170366
0.200000,20260715,1,10,360,288,72,0.277777777777778,0.207217326849116,0.517361111111111,4522561.36316416,119.825505202153,1,8.159791
0.200000,20260715,2,10,360,288,72,0.263888888888889,0.147419766911364,0.548611111111111,4456572.02576263,123.363185089411,1,8.286454
0.200000,20260715,3,10,360,288,72,0.222222222222222,0.166792858280449,0.652777777777778,4386010.1903168,130.044101815307,1,8.164342
0.200000,20260715,4,10,360,288,72,0.305555555555556,0.22364697788428,0.670138888888889,4477707.57375927,128.066861913714,1,8.239427
0.200000,20260715,5,10,360,288,72,0.291666666666667,0.179845929059167,0.75,4554977.94085481,138.189364291083,1,8.101413
0.200000,20260715,1,100,360,288,72,0.236111111111111,0.277901904971055,1,4523497.74116355,163.92511182279,1,8.194074
0.200000,20260715,2,100,360,288,72,0.236111111111111,0.185185806352425,1,4457485.70941412,164.986862675721,1,8.187102
0.200000,20260715,3,100,360,288,72,0.277777777777778,0.153033387851567,1,4386867.6254643,164.16204064043,1,8.111432
0.200000,20260715,4,100,360,288,72,0.291666666666667,0.149272306340802,1,4478602.57724889,164.696594000067,1,8.140318
0.200000,20260715,5,100,360,288,72,0.277777777777778,0.16415290432195,1,4555930.22929497,163.327244937807,1,8.328764
0.200000,20260715,1,1000,360,288,72,0.263888888888889,0.261633788129476,1,4532861.5211575,163.455049475172,1,8.218967
0.200000,20260715,2,1000,360,288,72,0.277777777777778,0.195527404109903,1,4466622.54592905,165.09137944223,1,8.151261
0.200000,20260715,3,1000,360,288,72,0.291666666666667,0.172015694950725,1,4395441.97693925,164.534130862196,1,8.238244
0.200000,20260715,4,1000,360,288,72,0.291666666666667,0.203806543416244,1,4487552.6121451,164.525552173972,1,8.189791
0.200000,20260715,5,1000,360,288,72,0.263888888888889,0.159273809214625,1,4565453.11369661,163.499960994222,1,8.228544
0.200000,20260715,1,10000,360,288,72,0.263888888888889,0.261633788129476,1,4626499.32109695,163.375214999628,0,8.157738
0.200000,20260715,2,10000,360,288,72,0.277777777777778,0.185253688126556,1,4557990.91107836,164.987039284305,0,8.270727
0.200000,20260715,3,10000,360,288,72,0.291666666666667,0.172015694950725,1,4481185.49168883,164.597420314349,0,8.182706
0.200000,20260715,4,10000,360,288,72,0.277777777777778,0.202613284044743,1,4577052.96110728,164.483141994132,0,8.094046
0.200000,20260715,5,10000,360,288,72,0.263888888888889,0.159273809214625,1,4660681.95771298,163.489662367699,0,8.149030
0.200000,20260716,1,1,360,288,72,0.194444444444444,0.188431317572985,0.395833333333333,4605443.11129605,117.739618301083,1,8.205374
0.200000,20260716,2,1,360,288,72,0.180555555555556,0.1652312738822,0.513888888888889,4584557.10427324,115.381738776012,1,8.139678
0.200000,20260716,3,1,360,288,72,0.277777777777778,0.149205117185625,0.4375,4494222.15124633,115.432878215243,1,8.221802
0.200000,20260716,4,1,360,288,72,0.319444444444444,0.251084327991051,0.454861111111111,4608459.16083904,115.909289244877,1,8.203466
0.200000,20260716,5,1,360,288,72,0.208333333333333,0.189610711608822,0.451388888888889,4465806.644043,115.486895123662,1,8.066393
0.200000,20260716,1,10,360,288,72,0.25,0.148118541753565,0.722222222222222,4605531.62705466,135.040926680941,1,8.149892
0.200000,20260716,2,10,360,288,72,0.277777777777778,0.167949974658353,0.75,4584653.84138923,133.308967239424,1,8.628485
0.200000,20260716,3,10,360,288,72,0.236111111111111,0.141572511555916,0.795138888888889,4494309.70094125,137.783837241055,1,8.209045
0.200000,20260716,4,10,360,288,72,0.166666666666667,0.198410387703378,0.697916666666667,4608546.65515554,139.572822072924,1,8.081505
0.200000,20260716,5,10,360,288,72,0.180555555555556,0.174633987551711,0.628472222222222,4465894.62596462,131.224840162365,1,8.254950
0.200000,20260716,1,100,360,288,72,0.263888888888889,0.259132617663394,1,4606416.78464066,167.03040327817,1,8.193396
0.200000,20260716,2,100,360,288,72,0.25,0.199826447248006,0.996527777777778,4585621.21254913,166.452272371715,1,8.174483
0.200000,20260716,3,100,360,288,72,0.222222222222222,0.082616555181533,0.996527777777778,4495185.19789046,165.517017977595,1,8.202836
0.200000,20260716,4,100,360,288,72,0.180555555555556,0.167073803398851,1,4609421.59832055,169.023613720092,1,8.185792
0.200000,20260716,5,100,360,288,72,0.111111111111111,0.19721689896506,0.996527777777778,4466774.44518077,163.279392151086,1,8.164297
0.200000,20260716,1,1000,360,288,72,0.263888888888889,0.262138739183995,1,4615268.36050074,166.751712099711,1,8.135740
0.200000,20260716,2,1000,360,288,72,0.277777777777778,0.225845124346969,1,4595294.92414805,167.482728113227,1,8.136437
0.200000,20260716,3,1000,360,288,72,0.180555555555556,0.12623851643373,1,4503940.1673825,165.286381096043,1,8.188070
0.200000,20260716,4,1000,360,288,72,0.319444444444444,0.224287524448856,1,4618171.02997069,166.176197818188,1,8.212112
0.200000,20260716,5,1000,360,288,72,0.152777777777778,0.166729533965278,1,4475572.63734228,164.193992938468,1,8.158554
0.200000,20260716,1,10000,360,288,72,0.263888888888889,0.258594253494485,1,4703784.11910154,166.713034573966,0,8.248104
0.200000,20260716,2,10000,360,288,72,0.263888888888889,0.234556017554255,1,4692032.04013729,167.618517055094,0,8.166009
0.200000,20260716,3,10000,360,288,72,0.180555555555556,0.12623851643373,1,4591489.86230299,165.257749657834,0,8.056506
0.200000,20260716,4,10000,360,288,72,0.305555555555556,0.19509483982783,1,4705665.34647212,166.086932654589,0,8.162016
0.200000,20260716,5,10000,360,288,72,0.152777777777778,0.166729533965278,1,4563554.55895741,164.247031609365,0,8.225414
0.200000,20260717,1,1,360,288,72,0.194444444444444,0.221374943979931,0.420138888888889,4656743.60697753,115.868624080938,1,8.103742
0.200000,20260717,2,1,360,288,72,0.208333333333333,0.156531081971815,0.395833333333333,4399971.89995644,116.505155907181,1,8.272968
0.200000,20260717,3,1,360,288,72,0.180555555555556,0.131445964195916,0.479166666666667,4551904.75726984,115.444325835733,1,8.221187
0.200000,20260717,4,1,360,288,72,0.194444444444444,0.16294605848683,0.430555555555556,4391883.32742826,114.806714141704,1,8.172666
0.200000,20260717,5,1,360,288,72,0.152777777777778,0.132371224526239,0.385416666666667,4566635.07697967,115.469108575316,1,8.118420
0.200000,20260717,1,10,360,288,72,0.305555555555556,0.180967063831198,0.46875,4656828.47622397,121.471397295197,1,8.347066
0.200000,20260717,2,10,360,288,72,0.208333333333333,0.112402956179196,0.71875,4400061.15863076,132.692661016965,1,8.231915
0.200000,20260717,3,10,360,288,72,0.166666666666667,0.114056653274386,0.621527777777778,4551998.85659956,127.728040776917,1,8.131062
0.200000,20260717,4,10,360,288,72,0.305555555555556,0.139584499892693,0.513888888888889,4391973.4245754,123.282988460258,1,8.216802
0.200000,20260717,5,10,360,288,72,0.180555555555556,0.149205793232123,0.652777777777778,4566723.55854027,129.367579756962,1,8.188294
0.200000,20260717,1,100,360,288,72,0.361111111111111,0.244452395847743,1,4657677.16868839,165.390976398841,1,8.413944
0.200000,20260717,2,100,360,288,72,0.305555555555556,0.197729016674095,1,4400953.7453739,165.550485775766,1,8.118999
0.200000,20260717,3,100,360,288,72,0.180555555555556,0.174521003319463,1,4552939.84989676,163.480251480225,1,8.178566
0.200000,20260717,4,100,360,288,72,0.361111111111111,0.19193238249716,1,4392874.39604684,164.671188792972,1,8.261813
0.200000,20260717,5,100,360,288,72,0.152777777777778,0.180486066722251,1,4567608.37414625,165.388617795748,1,8.187138
0.200000,20260717,1,1000,360,288,72,0.347222222222222,0.221006895393256,1,4666164.09333258,164.611694402907,1,8.141359
0.200000,20260717,2,1000,360,288,72,0.277777777777778,0.177249465061369,1,4409879.61280528,165.819741964331,1,8.330174
0.200000,20260717,3,1000,360,288,72,0.208333333333333,0.209496929433063,1,4562349.78286868,163.344586602552,1,8.083759
0.200000,20260717,4,1000,360,288,72,0.333333333333333,0.170432904753334,1,4401884.11076117,167.242742720065,1,8.380927
0.200000,20260717,5,1000,360,288,72,0.166666666666667,0.210169683455801,1,4576456.53020608,164.573360983048,1,8.202938
0.200000,20260717,1,10000,360,288,72,0.347222222222222,0.240989675803759,1,4751033.33977452,164.741983256248,0,8.343448
0.200000,20260717,2,10000,360,288,72,0.263888888888889,0.170561098859973,1,4499138.28711916,165.831988646133,0,8.187135
0.200000,20260717,3,10000,360,288,72,0.194444444444444,0.184687143154644,1,4656449.11258797,163.724022346939,0,8.205003
0.200000,20260717,4,10000,360,288,72,0.319444444444444,0.151349461521608,1,4491981.25790454,167.19188304529,0,8.263620
0.200000,20260717,5,10000,360,288,72,0.180555555555556,0.185940620879843,1,4664938.09080438,164.44316244034,0,8.132346
0.200000,20260718,1,1,360,288,72,0.0694444444444444,0.209125657512471,0.423611111111111,4549022.59963757,115.414984362697,1,8.189734
0.200000,20260718,2,1,360,288,72,0.208333333333333,0.167147694628079,0.489583333333333,4529727.11297714,117.084543790488,1,8.268273
0.200000,20260718,3,1,360,288,72,0.166666666666667,0.0822213826885856,0.416666666666667,4466166.17491148,115.413423625929,1,8.194533
0.200000,20260718,4,1,360,288,72,0.152777777777778,0.187621632527226,0.451388888888889,4530046.52928084,115.76538324663,1,8.152768
0.200000,20260718,5,1,360,288,72,0.263888888888889,0.113781557681911,0.5,4555431.18646723,115.362857916531,1,8.170002
0.200000,20260718,1,10,360,288,72,0.236111111111111,0.233800295956432,0.465277777777778,4549113.15758092,120.20818320332,1,8.318755
0.200000,20260718,2,10,360,288,72,0.25,0.189207653555167,0.5,4529812.22022895,121.214338085879,1,8.205049
0.200000,20260718,3,10,360,288,72,0.236111111111111,0.186060668515431,0.684027777777778,4466257.03476362,130.197894625675,1,8.149362
0.200000,20260718,4,10,360,288,72,0.111111111111111,0.176341521550812,0.614583333333333,4530133.8799955,122.377101204548,1,8.116145
0.200000,20260718,5,10,360,288,72,0.361111111111111,0.177977709134663,0.722222222222222,4555525.64578183,131.545224506365,1,8.267969
0.200000,20260718,1,100,360,288,72,0.194444444444444,0.197548490222669,0.996527777777778,4550018.73701436,163.491472926839,1,8.116825
0.200000,20260718,2,100,360,288,72,0.152777777777778,0.166530776283589,1,4530663.29274697,168.131925443691,1,8.237056
0.200000,20260718,3,100,360,288,72,0.263888888888889,0.160604487879046,0.996527777777778,4467165.63328502,165.277168234489,1,8.234120
0.200000,20260718,4,100,360,288,72,0.180555555555556,0.182473812755707,0.993055555555556,4531007.38714209,163.498981087334,1,8.210537
0.200000,20260718,5,100,360,288,72,0.222222222222222,0.216294745293588,1,4556470.23892788,164.700926648161,1,8.202378
0.200000,20260718,1,1000,360,288,72,0.222222222222222,0.204841370328955,1,4559074.53134876,164.942270729519,1,8.166524
0.200000,20260718,2,1000,360,288,72,0.180555555555556,0.126467235580093,1,4539174.01792722,166.387107553098,1,8.090405
0.200000,20260718,3,1000,360,288,72,0.208333333333333,0.171802101593035,1,4476251.61849901,167.747845761798,1,8.234215
0.200000,20260718,4,1000,360,288,72,0.25,0.183696208827795,1,4539742.45860797,164.572460072416,1,8.092402
0.200000,20260718,5,1000,360,288,72,0.194444444444444,0.194014428334834,1,4565916.17038829,164.886845215431,1,8.145066
0.200000,20260718,1,10000,360,288,72,0.222222222222222,0.204841370328955,1,4649632.47469279,164.965936234565,0,8.234120
0.200000,20260718,2,10000,360,288,72,0.180555555555556,0.107611679498872,1,4624281.26972974,166.095594287247,0,8.135092
0.200000,20260718,3,10000,360,288,72,0.208333333333333,0.171802101593035,1,4567111.47063896,167.742973750579,0,8.146980
0.200000,20260718,4,10000,360,288,72,0.25,0.167504420070227,1,4627093.17326676,164.381721423849,0,8.257499
0.200000,20260718,5,10000,360,288,72,0.222222222222222,0.188621479231409,1,4660375.48499244,164.806763691565,0,8.156275
0.200000,20260719,1,1,360,288,72,0.0972222222222222,0.244221918020929,0.444444444444444,4656936.85720431,114.589606552034,1,8.119980
0.200000,20260719,2,1,360,288,72,0.208333333333333,0.144007889112447,0.440972222222222,4465372.79560638,116.449689518928,1,8.173889
0.200000,20260719,3,1,360,288,72,0.111111111111111,0.160558645477808,0.399305555555556,4560663.88509182,117.930686175731,1,8.188498
0.200000,20260719,4,1,360,288,72,0.0833333333333333,0.199746808443038,0.5,4489304.33399395,117.41405727731,1,8.169254
0.200000,20260719,5,1,360,288,72,0.236111111111111,0.163029921598972,0.472222222222222,4382493.60452597,116.08551124871,1,8.136298
0.200000,20260719,1,10,360,288,72,0.180555555555556,0.193594893689327,0.447916666666667,4657027.34019644,119.516359876686,1,8.201959
0.200000,20260719,2,10,360,288,72,0.236111111111111,0.216474154922086,0.600694444444444,4465462.43446544,123.470442861558,1,8.115590
0.200000,20260719,3,10,360,288,72,0.194444444444444,0.119736900459442,0.572916666666667,4560755.21243849,123.442988888527,1,8.173203
0.200000,20260719,4,10,360,288,72,0.222222222222222,0.159396116050856,0.625,4489395.04518837,127.523427030557,1,8.141562
0.200000,20260719,5,10,360,288,72,0.277777777777778,0.210135163040383,0.618055555555556,4382586.30417037,123.09338043218,1,8.225091
0.200000,20260719,1,100,360,288,72,0.194444444444444,0.170741646896057,1,4657932.17011773,166.513243042133,1,8.241175
0.200000,20260719,2,100,360,288,72,0.222222222222222,0.230714278090886,1,4466358.82305604,165.933013332399,1,8.191313
0.200000,20260719,3,100,360,288,72,0.236111111111111,0.150542089091365,1,4561668.48590524,164.110103500893,1,8.182568
0.200000,20260719,4,100,360,288,72,0.194444444444444,0.143443389595588,1,4490302.15713257,162.682658792132,1,8.271821
0.200000,20260719,5,100,360,288,72,0.25,0.170965945287418,1,4383513.30061435,163.763644177658,1,8.126717
0.200000,20260719,1,1000,360,288,72,0.277777777777778,0.22937764082704,1,4666980.46933064,166.759890364021,1,8.142264
0.200000,20260719,2,1000,360,288,72,0.166666666666667,0.19573055126772,1,4475322.70896203,166.110443687308,1,8.232271
0.200000,20260719,3,1000,360,288,72,0.236111111111111,0.14255683018911,1,4570801.22057277,164.722245157671,1,8.158493
0.200000,20260719,4,1000,360,288,72,0.263888888888889,0.187191208653935,1,4499373.27657458,162.956258684704,1,8.175308
0.200000,20260719,5,1000,360,288,72,0.222222222222222,0.209703424722822,1,4392783.26505414,165.218720429855,1,8.172661
0.200000,20260719,1,10000,360,288,72,0.263888888888889,0.232238950254036,1,4757463.46145971,166.773288562794,0,8.187746
0.200000,20260719,2,10000,360,288,72,0.166666666666667,0.177944866698261,1,4564961.56802191,166.065452021261,0,8.176882
0.200000,20260719,3,10000,360,288,72,0.236111111111111,0.14255683018911,1,4662128.56724801,164.841728801756,0,8.238576
0.200000,20260719,4,10000,360,288,72,0.263888888888889,0.187191208653935,1,4590084.47099468,162.895173037024,0,8.225836
0.200000,20260719,5,10000,360,288,72,0.222222222222222,0.209703424722822,1,4485482.90945208,165.198914279034,0,8.254372
0.200000,20260720,1,1,360,288,72,0.125,0.181113985397181,0.479166666666667,4496584.10870536,114.918906469784,1,8.159383
0.200000,20260720,2,1,360,288,72,0.194444444444444,0.139942598674492,0.392361111111111,4478481.21057969,115.524886591004,1,8.286501
0.200000,20260720,3,1,360,288,72,0.208333333333333,0.188410715784412,0.409722222222222,4373969.32050352,116.724974956868,1,8.250492
0.200000,20260720,4,1,360,288,72,0.222222222222222,0.136078629638835,0.427083333333333,4644653.94459836,114.836371810398,1,8.179284
0.200000,20260720,5,1,360,288,72,0.291666666666667,0.214260710059437,0.395833333333333,4600090.69816288,115.650044844168,1,8.178535
0.200000,20260720,1,10,360,288,72,0.138888888888889,0.151545908096412,0.704861111111111,4496675.00006614,129.233385835786,1,8.486279
0.200000,20260720,2,10,360,288,72,0.222222222222222,0.135486577127578,0.604166666666667,4478572.92422783,127.071838208712,1,8.142122
0.200000,20260720,3,10,360,288,72,0.208333333333333,0.20290128568703,0.527777777777778,4374051.97691098,122.03700186352,1,8.193940
0.200000,20260720,4,10,360,288,72,0.208333333333333,0.117631957449393,0.753472222222222,4644743.08224264,133.996674008544,1,8.174754
0.200000,20260720,5,10,360,288,72,0.277777777777778,0.124060775886566,0.545138888888889,4600182.0055249,124.3680162169,1,8.150121
0.200000,20260720,1,100,360,288,72,0.111111111111111,0.175279975878223,1,4497583.91367391,166.896688754814,1,8.215719
0.200000,20260720,2,100,360,288,72,0.166666666666667,0.223330815891492,0.989583333333333,4479490.06070925,162.721363401121,1,8.192435
0.200000,20260720,3,100,360,288,72,0.208333333333333,0.161827831197184,1,4374878.54098557,167.115527501012,1,8.169753
0.200000,20260720,4,100,360,288,72,0.236111111111111,0.158831398778952,1,4645634.45868544,162.938225033282,1,8.201699
0.200000,20260720,5,100,360,288,72,0.319444444444444,0.273769563010917,0.993055555555556,4601095.07914513,165.640415329202,1,8.156560
0.200000,20260720,1,1000,360,288,72,0.180555555555556,0.216440649913657,1,4506673.04975169,165.637226914209,1,8.114247
0.200000,20260720,2,1000,360,288,72,0.180555555555556,0.199190833986447,1,4488661.42552337,163.503094746134,1,8.202523
0.200000,20260720,3,1000,360,288,72,0.236111111111111,0.194661591279776,1,4383144.18173147,167.112640335505,1,8.120521
0.200000,20260720,4,1000,360,288,72,0.222222222222222,0.131087517902044,1,4654548.22311341,163.704949615999,1,8.096179
0.200000,20260720,5,1000,360,288,72,0.361111111111111,0.273288313005954,1,4610225.81534743,166.332207189806,1,8.187614
0.200000,20260720,1,10000,360,288,72,0.166666666666667,0.216415362285529,1,4597564.41052941,165.504459823975,0,8.254639
0.200000,20260720,2,10000,360,288,72,0.180555555555556,0.189867324119711,1,4580375.07366466,163.473403793155,0,8.137282
0.200000,20260720,3,10000,360,288,72,0.208333333333333,0.165775498563487,1,4465800.5891905,167.100864097738,0,8.139789
0.200000,20260720,4,10000,360,288,72,0.222222222222222,0.140520438471706,1,4743685.86739317,163.745766661186,0,8.118686
0.200000,20260720,5,10000,360,288,72,0.347222222222222,0.269633538822792,1,4701533.17737049,166.276823632067,0,8.118689
0.200000,20260721,1,1,360,288,72,0.138888888888889,0.200901835979178,0.475694444444444,4476812.91896785,114.748101511679,1,8.078969
0.200000,20260721,2,1,360,288,72,0.138888888888889,0.248785909919484,0.427083333333333,4459925.69838261,115.835534096601,1,8.184923
0.200000,20260721,3,1,360,288,72,0.138888888888889,0.0981752442211754,0.493055555555556,4719516.29114795,115.359328193233,1,8.124433
0.200000,20260721,4,1,360,288,72,0.180555555555556,0.137298848970952,0.447916666666667,4627673.54692086,117.537315502644,1,8.085775
0.200000,20260721,5,1,360,288,72,0.208333333333333,0.139399218719219,0.458333333333333,4543621.81001304,114.72571987062,1,8.238372
0.200000,20260721,1,10,360,288,72,0.194444444444444,0.213236014317918,0.600694444444444,4476903.26596253,124.877891635508,1,8.356037
0.200000,20260721,2,10,360,288,72,0.305555555555556,0.25887506678645,0.642361111111111,4460018.6114235,124.149439510148,1,8.097661
0.200000,20260721,3,10,360,288,72,0.166666666666667,0.11084042168598,0.701388888888889,4719606.44951328,127.900551700793,1,8.187924
0.200000,20260721,4,10,360,288,72,0.208333333333333,0.175244073877651,0.715277777777778,4627764.82496594,128.571157655664,1,8.223340
0.200000,20260721,5,10,360,288,72,0.180555555555556,0.202272663927826,0.559027777777778,4543709.14071306,121.186929569979,1,8.110473
0.200000,20260721,1,100,360,288,72,0.194444444444444,0.170392585804412,1,4477806.73590934,162.486946466865,1,8.173578
0.200000,20260721,2,100,360,288,72,0.263888888888889,0.233974222272822,1,4460947.74183246,166.458805702907,1,8.160965
0.200000,20260721,3,100,360,288,72,0.180555555555556,0.206862765516941,1,4720508.03316653,167.589743630377,1,8.179552
0.200000,20260721,4,100,360,288,72,0.277777777777778,0.158417417151763,1,4628677.60541671,166.542355066034,1,8.155716
0.200000,20260721,5,100,360,288,72,0.180555555555556,0.180985197538067,0.996527777777778,4544582.44771323,165.816413627568,1,8.167434
0.200000,20260721,1,1000,360,288,72,0.194444444444444,0.158879690374707,1,4486841.43537741,162.680260470444,1,8.198258
0.200000,20260721,2,1000,360,288,72,0.305555555555556,0.251440472168909,1,4470239.0459221,165.441231973902,1,8.170676
0.200000,20260721,3,1000,360,288,72,0.25,0.158212971704192,1,4729523.86969905,165.208815946246,1,8.055886
0.200000,20260721,4,1000,360,288,72,0.375,0.191668815258856,1,4637805.40992443,165.590486291635,1,8.092231
0.200000,20260721,5,1000,360,288,72,0.208333333333333,0.15769180125869,1,4553315.51771498,165.446144287379,1,8.164281
0.200000,20260721,1,10000,360,288,72,0.194444444444444,0.158879690374707,1,4577188.43005819,162.676128036402,0,8.067005
0.200000,20260721,2,10000,360,288,72,0.305555555555556,0.234832992650515,1,4563152.0868184,165.325996456301,0,8.166098
0.200000,20260721,3,10000,360,288,72,0.25,0.15600342205254,1,4819682.23502422,164.854279601994,0,8.549440
0.200000,20260721,4,10000,360,288,72,0.375,0.191668815258856,1,4729083.45500162,165.50267409653,0,10.669825
0.200000,20260721,5,10000,360,288,72,0.194444444444444,0.157033290931373,1,4640646.21773248,165.003834990904,0,8.702226
0.200000,20260722,1,1,360,288,72,0.222222222222222,0.128606126861828,0.486111111111111,4482001.05970169,117.962045395165,1,8.242880
0.200000,20260722,2,1,360,288,72,0.180555555555556,0.147010220868833,0.423611111111111,4485146.76790811,115.776389766741,1,8.213804
0.200000,20260722,3,1,360,288,72,0.180555555555556,0.108717632750362,0.458333333333333,4515393.13132641,116.753199333193,1,8.245241
0.200000,20260722,4,1,360,288,72,0.347222222222222,0.113246473545505,0.472222222222222,4471841.09513998,115.66446154969,1,8.190252
0.200000,20260722,5,1,360,288,72,0.208333333333333,0.0981294597595089,0.451388888888889,4472716.38813805,116.058546553321,1,8.420176
0.200000,20260722,1,10,360,288,72,0.180555555555556,0.190327343400095,0.729166666666667,4482094.55817541,135.477074242655,1,8.293470
0.200000,20260722,2,10,360,288,72,0.236111111111111,0.192360288081387,0.5,4485242.53903108,124.876002118427,1,8.160276
0.200000,20260722,3,10,360,288,72,0.347222222222222,0.178059254420558,0.642361111111111,4515487.49665588,129.598535474026,1,8.135962
0.200000,20260722,4,10,360,288,72,0.333333333333333,0.213712757097995,0.53125,4471937.93338615,120.934850789139,1,8.236903
0.200000,20260722,5,10,360,288,72,0.180555555555556,0.0909091724222477,0.399305555555556,4472801.00102369,119.314801431147,1,8.140922
0.200000,20260722,1,100,360,288,72,0.263888888888889,0.122347384337054,1,4483029.54291264,165.442136370473,1,8.100795
0.200000,20260722,2,100,360,288,72,0.222222222222222,0.185558440897449,1,4486200.25026081,169.783398068906,1,8.135704
0.200000,20260722,3,100,360,288,72,0.25,0.16524470240471,1,4516431.14995059,167.88115708377,1,8.131474
0.200000,20260722,4,100,360,288,72,0.319444444444444,0.188531993826161,1,4472906.31584784,165.290141130836,1,8.178115
0.200000,20260722,5,100,360,288,72,0.166666666666667,0.17139898177759,1,4473647.1298801,166.062303777342,1,8.168287
0.200000,20260722,1,1000,360,288,72,0.25,0.130103275817039,1,4492379.39028494,165.548226901196,1,8.089302
0.200000,20260722,2,1000,360,288,72,0.277777777777778,0.183133215877812,1,4495777.36255815,166.252792556268,1,8.227842
0.200000,20260722,3,1000,360,288,72,0.277777777777778,0.157914041404806,1,4525867.68289767,166.407257011488,1,8.184157
0.200000,20260722,4,1000,360,288,72,0.333333333333333,0.158346077073251,1,4482590.14046478,165.874708692681,1,8.150386
0.200000,20260722,5,1000,360,288,72,0.125,0.164283871318973,1,4482108.4184442,166.170553183918,1,8.202171
0.200000,20260722,1,10000,360,288,72,0.263888888888889,0.130841441941221,1,4585877.86400795,165.528732808892,0,8.139776
0.200000,20260722,2,10000,360,288,72,0.291666666666667,0.186970992684952,1,4591548.48553154,166.131450214908,0,8.098229
0.200000,20260722,3,10000,360,288,72,0.263888888888889,0.168918057917015,1,4620233.0123685,166.257448403666,0,8.187827
0.200000,20260722,4,10000,360,288,72,0.333333333333333,0.158346077073251,1,4579428.38663418,165.784473868086,0,8.146594
0.200000,20260722,5,10000,360,288,72,0.125,0.204366464311225,1,4566721.30408524,165.889159364992,0,8.048708
0.200000,20260723,1,1,360,288,72,0.125,0.114297141354222,0.447916666666667,4583054.78455929,117.425947517059,1,8.381116
0.200000,20260723,2,1,360,288,72,0.333333333333333,0.189855557300247,0.454861111111111,4473451.67033263,113.924875881928,1,8.164840
0.200000,20260723,3,1,360,288,72,0.180555555555556,0.175320633289903,0.395833333333333,4635621.72052947,115.920547312441,1,8.241556
0.200000,20260723,4,1,360,288,72,0.222222222222222,0.109427067364602,0.402777777777778,4592143.09569829,116.648149052225,1,8.215778
0.200000,20260723,5,1,360,288,72,0.166666666666667,0.187445884590256,0.430555555555556,4665852.51043133,116.936704989161,1,8.281804
0.200000,20260723,1,10,360,288,72,0.194444444444444,0.191458769241683,0.670138888888889,4583144.03969272,126.021667614814,1,8.180280
0.200000,20260723,2,10,360,288,72,0.319444444444444,0.223363660092621,0.513888888888889,4473545.26062811,120.826982364146,1,8.158496
0.200000,20260723,3,10,360,288,72,0.236111111111111,0.162756697295155,0.552083333333333,4635712.40800271,125.383216576357,1,8.158810
0.200000,20260723,4,10,360,288,72,0.305555555555556,0.14638278415283,0.534722222222222,4592233.05173644,121.948572073708,1,8.216867
0.200000,20260723,5,10,360,288,72,0.222222222222222,0.141356353455611,0.583333333333333,4665939.30450821,125.814572001409,1,8.142269
0.200000,20260723,1,100,360,288,72,0.152777777777778,0.157899896588924,0.993055555555556,4584036.59102703,164.047626067523,1,8.089782
0.200000,20260723,2,100,360,288,72,0.291666666666667,0.164253968022401,1,4474481.16358292,167.721035873753,1,8.141722
0.200000,20260723,3,100,360,288,72,0.236111111111111,0.21117123239399,1,4636619.28273509,166.805547592367,1,8.095135
0.200000,20260723,4,100,360,288,72,0.263888888888889,0.243871044117669,1,4593132.61211793,167.654667182889,1,8.143128
0.200000,20260723,5,100,360,288,72,0.277777777777778,0.182698087791888,1,4666807.24527704,167.721167864606,1,8.226560
0.200000,20260723,1,1000,360,288,72,0.194444444444444,0.144171615512333,1,4592962.1043701,164.846352559898,1,8.126302
0.200000,20260723,2,1000,360,288,72,0.305555555555556,0.179406800958821,1,4483840.193131,167.661920670597,1,8.121905
0.200000,20260723,3,1000,360,288,72,0.291666666666667,0.173075909850932,1,4645688.03005887,167.774779087532,1,8.169522
0.200000,20260723,4,1000,360,288,72,0.277777777777778,0.178388812142007,1,4602128.21593287,166.821926187361,1,8.272088
0.200000,20260723,5,1000,360,288,72,0.291666666666667,0.146107338813166,1,4675486.65296539,168.763382472955,1,8.152415
0.200000,20260723,1,10000,360,288,72,0.208333333333333,0.165119527801139,1,4682217.23780079,164.91803682645,0,8.093995
0.200000,20260723,2,10000,360,288,72,0.305555555555556,0.179406800958821,1,4577430.48861185,167.480536461428,0,8.264501
0.200000,20260723,3,10000,360,288,72,0.319444444444444,0.18080642837601,1,4736375.5032967,167.411676202383,0,8.214740
0.200000,20260723,4,10000,360,288,72,0.263888888888889,0.168133402722667,1,4692084.25408227,166.738487303819,0,8.129376
0.200000,20260723,5,10000,360,288,72,0.25,0.1469054456446,1,4762280.72984885,168.744421548218,0,8.172798
0.200000,20260724,1,1,360,288,72,0.152777777777778,0.230129066234617,0.416666666666667,4566291.75095757,114.80865005319,1,8.136184
0.200000,20260724,2,1,360,288,72,0.208333333333333,0.171660811986925,0.454861111111111,4476811.10973825,117.571328058322,1,8.169485
0.200000,20260724,3,1,360,288,72,0.194444444444444,0.15244852094838,0.434027777777778,4456519.56866445,116.863009015425,1,8.123322
0.200000,20260724,4,1,360,288,72,0.152777777777778,0.168856537856677,0.40625,4568974.26740897,116.324776988129,1,8.314281
0.200000,20260724,5,1,360,288,72,0.319444444444444,0.180049148394989,0.420138888888889,4580765.82197399,114.360564174831,1,8.310349
0.200000,20260724,1,10,360,288,72,0.263888888888889,0.159221319820722,0.628472222222222,4566380.09456038,125.576226782514,1,8.130933
0.200000,20260724,2,10,360,288,72,0.180555555555556,0.239824628009992,0.722222222222222,4476898.2981494,133.373040215417,1,8.137687
0.200000,20260724,3,10,360,288,72,0.236111111111111,0.175195640837145,0.642361111111111,4456603.89833554,127.030882178517,1,8.133776
0.200000,20260724,4,10,360,288,72,0.208333333333333,0.229127844815982,0.645833333333333,4569068.0879609,133.969758787593,1,8.084739
0.200000,20260724,5,10,360,288,72,0.361111111111111,0.198393889904526,0.638888888888889,4580850.13958305,127.868045377969,1,8.128697
0.200000,20260724,1,100,360,288,72,0.25,0.232307826142244,1,4567263.53058841,162.611050649254,1,8.258769
0.200000,20260724,2,100,360,288,72,0.166666666666667,0.198390507081926,1,4477770.18226086,166.11197871307,1,8.139099
0.200000,20260724,3,100,360,288,72,0.222222222222222,0.166848601287793,1,4457447.19504641,163.376235557792,1,8.191073
0.200000,20260724,4,100,360,288,72,0.291666666666667,0.237046012908298,1,4570006.29348026,165.236781906511,1,8.207413
0.200000,20260724,5,100,360,288,72,0.375,0.221736883679201,1,4581693.31567364,164.596411389861,1,8.103393
0.200000,20260724,1,1000,360,288,72,0.194444444444444,0.247788700608794,1,4576097.8908688,163.151176290133,1,8.117143
0.200000,20260724,2,1000,360,288,72,0.194444444444444,0.203148421734306,1,4486489.02337543,166.81952854533,1,8.143930
0.200000,20260724,3,1000,360,288,72,0.25,0.187780067594351,1,4465880.16215517,162.962277622735,1,8.255974
0.200000,20260724,4,1000,360,288,72,0.319444444444444,0.177444321520256,1,4579388.3486738,167.632440712306,1,8.030466
0.200000,20260724,5,1000,360,288,72,0.305555555555556,0.217078347955817,1,4590125.07657955,164.775312194228,1,8.170755
0.200000,20260724,1,10000,360,288,72,0.194444444444444,0.2462956763897,1,4664441.49367262,163.114564236062,0,8.113433
0.200000,20260724,2,10000,360,288,72,0.208333333333333,0.201693187307084,1,4573677.43452111,166.779867972216,0,8.110159
0.200000,20260724,3,10000,360,288,72,0.25,0.187780067594351,1,4550209.83324272,162.849927797432,0,8.112483
0.200000,20260724,4,10000,360,288,72,0.319444444444444,0.182000234435134,1,4673208.9006092,167.599450748543,0,8.219059
0.200000,20260724,5,10000,360,288,72,0.305555555555556,0.201376033871082,1,4674442.68563858,164.737527013413,0,8.181819
0.200000,20260725,1,1,360,288,72,0.194444444444444,0.195726407312487,0.447916666666667,4340751.95233028,116.888963218102,1,8.163510
0.200000,20260725,2,1,360,288,72,0.180555555555556,0.12236239563905,0.482638888888889,4448170.49293562,116.457755760404,1,8.196698
0.200000,20260725,3,1,360,288,72,0.180555555555556,0.139309159155832,0.350694444444444,4690473.78167197,115.417079087399,1,8.089751
0.200000,20260725,4,1,360,288,72,0.222222222222222,0.127558892706251,0.420138888888889,4487638.05510455,115.289336502561,1,8.102229
0.200000,20260725,5,1,360,288,72,0.236111111111111,0.104348899303951,0.489583333333333,4481468.39436725,116.13146824362,1,8.352947
0.200000,20260725,1,10,360,288,72,0.263888888888889,0.268288942941535,0.59375,4340841.35484547,122.921834441782,1,8.040315
0.200000,20260725,2,10,360,288,72,0.125,0.149465648933104,0.753472222222222,4448263.084616,134.705135022233,1,8.218584
0.200000,20260725,3,10,360,288,72,0.208333333333333,0.235888261914957,0.5,4690560.23853017,121.496412214784,1,8.159196
0.200000,20260725,4,10,360,288,72,0.25,0.169218399421848,0.753472222222222,4487723.5116737,132.890015141839,1,8.045509
0.200000,20260725,5,10,360,288,72,0.25,0.1690205721116,0.625,4481553.66737335,131.520030935542,1,8.202804
0.200000,20260725,1,100,360,288,72,0.333333333333333,0.22550564596895,0.993055555555556,4341735.37999734,164.722184398706,1,8.089039
0.200000,20260725,2,100,360,288,72,0.236111111111111,0.171692772424402,0.996527777777778,4449189.00141975,164.143804899031,1,8.115224
0.200000,20260725,3,100,360,288,72,0.319444444444444,0.273572737098613,1,4691424.80711223,164.097375850337,1,8.204762
0.200000,20260725,4,100,360,288,72,0.25,0.201788296787416,1,4488578.07736519,166.83448617206,1,8.150566
0.200000,20260725,5,100,360,288,72,0.333333333333333,0.193760467208928,1,4482406.39743431,164.036058063075,1,8.134105
0.200000,20260725,1,1000,360,288,72,0.333333333333333,0.240643106978746,1,4350675.63151605,165.260922908147,1,8.222608
0.200000,20260725,2,1000,360,288,72,0.194444444444444,0.176230639191986,1,4458448.16945731,164.781350310185,1,8.140416
0.200000,20260725,3,1000,360,288,72,0.277777777777778,0.228007117197187,1,4700070.49293279,164.262853317122,1,8.116150
0.200000,20260725,4,1000,360,288,72,0.25,0.18234511490154,1,4497123.73428011,166.471223692654,1,8.161133
0.200000,20260725,5,1000,360,288,72,0.347222222222222,0.197946996458107,1,4490933.69804388,164.338863999253,1,8.090657
0.200000,20260725,1,10000,360,288,72,0.319444444444444,0.245133701022204,1,4440078.14670312,165.637213495734,0,8.938021
0.200000,20260725,2,10000,360,288,72,0.194444444444444,0.176230639191986,1,4551039.84983287,164.815829234351,0,8.118818
0.200000,20260725,3,10000,360,288,72,0.277777777777778,0.229187271631527,1,4786527.35113842,164.446907318189,0,8.162798
0.200000,20260725,4,10000,360,288,72,0.25,0.18234511490154,1,4582580.30342931,166.133735906355,0,8.267073
0.200000,20260725,5,10000,360,288,72,0.347222222222222,0.193793235053811,1,4576206.70413964,164.369260558677,0,8.096172
0.200000,20260726,1,1,360,288,72,0.194444444444444,0.127541964156846,0.482638888888889,4536893.5051582,115.179914049104,1,8.180652
0.200000,20260726,2,1,360,288,72,0.236111111111111,0.199532661558148,0.520833333333333,4505467.77924426,117.04462744038,1,8.202252
0.200000,20260726,3,1,360,288,72,0.194444444444444,0.242803458327856,0.451388888888889,4499972.87686314,115.249681159388,1,8.141574
0.200000,20260726,4,1,360,288,72,0.25,0.0953860476485259,0.454861111111111,4443042.69861463,115.747985139589,1,8.172669
0.200000,20260726,5,1,360,288,72,0.277777777777778,0.145059765107077,0.454861111111111,4558997.95925216,116.550397183037,1,8.240621
0.200000,20260726,1,10,360,288,72,0.208333333333333,0.202059432422469,0.75,4536983.00727868,136.275500976326,1,8.136973
0.200000,20260726,2,10,360,288,72,0.263888888888889,0.234436211481634,0.590277777777778,4505556.07575388,121.844490761593,1,8.068141
0.200000,20260726,3,10,360,288,72,0.222222222222222,0.159814726818797,0.715277777777778,4500065.5680423,129.718451772321,1,8.163079
0.200000,20260726,4,10,360,288,72,0.236111111111111,0.0946374665180919,0.590277777777778,4443133.94693626,129.724628404469,1,8.103634
0.200000,20260726,5,10,360,288,72,0.25,0.117705605762588,0.534722222222222,4559089.91502013,122.82833507475,1,8.152098
0.200000,20260726,1,100,360,288,72,0.208333333333333,0.134368558437275,1,4537878.02848345,164.076076674506,1,8.213236
0.200000,20260726,2,100,360,288,72,0.263888888888889,0.226468415438553,0.993055555555556,4506439.0408501,166.151118688201,1,8.128673
0.200000,20260726,3,100,360,288,72,0.263888888888889,0.250417154565129,1,4500992.47983391,165.660419062054,1,8.134106
0.200000,20260726,4,100,360,288,72,0.305555555555556,0.209540484820082,1,4444046.43015254,165.846806253492,1,8.083828
0.200000,20260726,5,100,360,288,72,0.208333333333333,0.0929295196931836,1,4560009.47269981,165.606088493099,1,8.131988
0.200000,20260726,1,1000,360,288,72,0.194444444444444,0.161978834497475,1,4546828.24053119,165.244806577372,1,8.168433
0.200000,20260726,2,1000,360,288,72,0.263888888888889,0.221252647783121,1,4515268.69181223,165.416661864526,1,8.142702
0.200000,20260726,3,1000,360,288,72,0.263888888888889,0.32208894283104,1,4510261.59774996,166.228184882404,1,8.223075
0.200000,20260726,4,1000,360,288,72,0.263888888888889,0.199379082963212,1,4453171.26231543,164.581497684817,1,8.140738
0.200000,20260726,5,1000,360,288,72,0.25,0.181373853329247,1,4569205.04949661,164.143350671087,1,8.188704
0.200000,20260726,1,10000,360,288,72,0.236111111111111,0.169151377979415,1,4636330.36100852,165.887742717866,0,8.133511
0.200000,20260726,2,10000,360,288,72,0.25,0.231022032710767,1,4603565.20143351,165.407045660678,0,8.261825
0.200000,20260726,3,10000,360,288,72,0.25,0.297531027470067,1,4602952.77691045,166.133297555384,0,8.238533
0.200000,20260726,4,10000,360,288,72,0.263888888888889,0.199379082963212,1,4544419.58394434,164.490623276592,0,8.107242
0.200000,20260726,5,10000,360,288,72,0.25,0.190952314333311,1,4661160.81746456,164.013667783169,0,8.170903
0.200000,20260727,1,1,360,288,72,0.222222222222222,0.137005254119816,0.489583333333333,4498071.27964521,114.71207018775,1,8.260110
0.200000,20260727,2,1,360,288,72,0.236111111111111,0.21111506306065,0.447916666666667,4505160.64627257,115.114256145336,1,8.213273
0.200000,20260727,3,1,360,288,72,0.180555555555556,0.133748719961366,0.430555555555556,4426017.22637622,115.544832424151,1,8.050824
0.200000,20260727,4,1,360,288,72,0.236111111111111,0.113970282227036,0.482638888888889,4579556.52263317,115.988819175324,1,8.361573
0.200000,20260727,5,1,360,288,72,0.277777777777778,0.146347264929474,0.440972222222222,4590089.96472263,116.398895238064,1,8.197212
0.200000,20260727,1,10,360,288,72,0.208333333333333,0.130160659911602,0.774305555555556,4498165.14538143,133.500795099846,1,8.091679
0.200000,20260727,2,10,360,288,72,0.222222222222222,0.159278293786859,0.527777777777778,4505259.27434541,123.40987665276,1,8.269930
0.200000,20260727,3,10,360,288,72,0.263888888888889,0.162680386670195,0.586805555555556,4426105.33498902,121.544717155187,1,8.122477
0.200000,20260727,4,10,360,288,72,0.166666666666667,0.123493056743549,0.572916666666667,4579643.67133991,121.266361381917,1,8.184674
0.200000,20260727,5,10,360,288,72,0.208333333333333,0.178575426001197,0.572916666666667,4590178.16225776,123.700623485593,1,8.083919
0.200000,20260727,1,100,360,288,72,0.236111111111111,0.212588468164415,1,4499103.80274361,166.404802355505,1,8.200415
0.200000,20260727,2,100,360,288,72,0.180555555555556,0.107091433694646,1,4506245.55507381,167.078045538903,1,8.216110
0.200000,20260727,3,100,360,288,72,0.277777777777778,0.181265058701737,0.989583333333333,4426986.42111705,164.562555373353,1,8.043299
0.200000,20260727,4,100,360,288,72,0.277777777777778,0.18324401009524,1,4580515.15840734,167.235875186545,1,8.234132
0.200000,20260727,5,100,360,288,72,0.236111111111111,0.132312872056432,1,4591060.13760911,164.266995274584,1,8.148319
0.200000,20260727,1,1000,360,288,72,0.25,0.174394775919019,1,4508490.3763654,167.871548763385,1,8.158477
0.200000,20260727,2,1000,360,288,72,0.166666666666667,0.133488217552712,1,4516108.36235776,166.776908924729,1,8.182159
0.200000,20260727,3,1000,360,288,72,0.263888888888889,0.170991631448216,1,4435797.28239732,168.020331197968,1,8.136377
0.200000,20260727,4,1000,360,288,72,0.263888888888889,0.186211347671949,1,4589230.02908169,168.03885452175,1,8.244355
0.200000,20260727,5,1000,360,288,72,0.25,0.154622388767669,1,4599879.89112251,164.555980810694,1,8.105973
0.200000,20260727,1,10000,360,288,72,0.25,0.146902819585505,1,4602356.11258334,167.974629022804,0,8.333058
0.200000,20260727,2,10000,360,288,72,0.152777777777778,0.139646889069927,1,4614736.43519727,166.736286473376,0,8.254244
0.200000,20260727,3,10000,360,288,72,0.291666666666667,0.184144334924922,1,4523905.89520002,168.145058498021,0,8.075986
0.200000,20260727,4,10000,360,288,72,0.25,0.205551683637897,1,4676378.73582517,167.813061771328,0,8.290645
0.200000,20260727,5,10000,360,288,72,0.25,0.154622388767669,1,4688077.42625655,164.569494647693,0,8.204215
0.200000,20260728,1,1,360,288,72,0.236111111111111,0.158122016447128,0.451388888888889,4497499.98627369,115.179302727196,1,8.063707
0.200000,20260728,2,1,360,288,72,0.125,0.107310000963417,0.475694444444444,4482046.81912692,114.812233180633,1,8.163086
0.200000,20260728,3,1,360,288,72,0.236111111111111,0.149501389141699,0.465277777777778,4520215.61694108,116.453627501878,1,8.171562
0.200000,20260728,4,1,360,288,72,0.236111111111111,0.224805576204862,0.475694444444444,4478945.73734657,114.975519528755,1,8.305335
0.200000,20260728,5,1,360,288,72,0.194444444444444,0.241263495993189,0.420138888888889,4514027.72286892,117.390599022723,1,8.136971
0.200000,20260728,1,10,360,288,72,0.152777777777778,0.17177734579649,0.538194444444444,4497592.97949971,123.996561088873,1,8.144269
0.200000,20260728,2,10,360,288,72,0.236111111111111,0.175886557935212,0.607638888888889,4482137.38156358,123.314480257035,1,8.183766
0.200000,20260728,3,10,360,288,72,0.361111111111111,0.216328083483053,0.635416666666667,4520310.74339838,124.068716026909,1,8.143252
0.200000,20260728,4,10,360,288,72,0.277777777777778,0.173235648617071,0.621527777777778,4479034.96130971,127.149164109811,1,8.139679
0.200000,20260728,5,10,360,288,72,0.263888888888889,0.201909234194171,0.454861111111111,4514115.3384138,121.17281775225,1,8.229391
0.200000,20260728,1,100,360,288,72,0.236111111111111,0.150779011438913,1,4498522.91175989,163.885495764331,1,8.117291
0.200000,20260728,2,100,360,288,72,0.25,0.148613106875588,1,4483043.00593025,162.299025635308,1,8.092151
0.200000,20260728,3,100,360,288,72,0.305555555555556,0.207177007000871,0.996527777777778,4521262.00797131,163.514502982038,1,8.050380
0.200000,20260728,4,100,360,288,72,0.333333333333333,0.263110234219885,0.989583333333333,4479927.20094104,163.070629092058,1,8.177361
0.200000,20260728,5,100,360,288,72,0.291666666666667,0.236435143270928,0.989583333333333,4514991.49386262,163.161105270181,1,8.156577
0.200000,20260728,1,1000,360,288,72,0.305555555555556,0.194593188088973,1,4507822.23436164,164.019394732048,1,8.121734
0.200000,20260728,2,1000,360,288,72,0.263888888888889,0.171349301967983,1,4492099.24959688,162.463128297662,1,8.165268
0.200000,20260728,3,1000,360,288,72,0.25,0.210531551846229,1,4530774.65370061,163.397693332983,1,8.010321
0.200000,20260728,4,1000,360,288,72,0.305555555555556,0.232645370904847,1,4488849.59725438,164.776318906623,1,8.144373
0.200000,20260728,5,1000,360,288,72,0.305555555555556,0.214765539102009,1,4523753.0483508,165.113387538848,1,8.090851
0.200000,20260728,1,10000,360,288,72,0.305555555555556,0.194593188088973,1,4600815.46037917,164.019827716875,0,8.087801
0.200000,20260728,2,10000,360,288,72,0.263888888888889,0.164311769405691,1,4582661.68626321,162.493126834285,0,8.114797
0.200000,20260728,3,10000,360,288,72,0.25,0.210531551846229,1,4625901.11099368,163.263753568377,0,8.159132
0.200000,20260728,4,10000,360,288,72,0.305555555555556,0.227141537423579,1,4578073.56038775,164.825822031169,0,8.170035
0.200000,20260728,5,10000,360,288,72,0.305555555555556,0.241580943610446,1,4611368.59323263,165.144234966689,0,8.079485
0.200000,20260729,1,1,360,288,72,0.180555555555556,0.123018658698468,0.461805555555556,4430186.53717154,115.328617208381,1,8.210111
0.200000,20260729,2,1,360,288,72,0.180555555555556,0.180998660150249,0.465277777777778,4538230.84874974,115.98913995109,1,8.219484
0.200000,20260729,3,1,360,288,72,0.236111111111111,0.17450919469628,0.524305555555556,4584832.86996991,116.047225361967,1,8.135043
0.200000,20260729,4,1,360,288,72,0.180555555555556,0.120655109198089,0.392361111111111,4498453.49928179,116.455439471397,1,8.339299
0.200000,20260729,5,1,360,288,72,0.333333333333333,0.17611692971567,0.458333333333333,4497102.35937139,115.815384327119,1,8.199491
0.200000,20260729,1,10,360,288,72,0.208333333333333,0.151961252477682,0.607638888888889,4430275.85674006,125.171188398217,1,8.271491
0.200000,20260729,2,10,360,288,72,0.208333333333333,0.121894778398397,0.815972222222222,4538322.11652326,138.809031191882,1,8.081714
0.200000,20260729,3,10,360,288,72,0.236111111111111,0.142335025063443,0.569444444444444,4584922.10693834,122.375663071261,1,8.127495
0.200000,20260729,4,10,360,288,72,0.25,0.177291965446497,0.628472222222222,4498543.72133278,126.096270549591,1,8.174724
0.200000,20260729,5,10,360,288,72,0.347222222222222,0.193986028668837,0.496527777777778,4497190.41349875,120.399445864762,1,8.169050
0.200000,20260729,1,100,360,288,72,0.194444444444444,0.123941264281483,1,4431169.05242523,165.859421585943,1,8.124496
0.200000,20260729,2,100,360,288,72,0.222222222222222,0.215107320909275,1,4539234.79425843,166.078827724623,1,8.212916
0.200000,20260729,3,100,360,288,72,0.236111111111111,0.152128582154364,1,4585814.47662272,165.193469445883,1,8.157466
0.200000,20260729,4,100,360,288,72,0.263888888888889,0.194083606365615,0.996527777777778,4499445.9418427,164.739759442203,1,8.107359
0.200000,20260729,5,100,360,288,72,0.263888888888889,0.195276462861828,1,4498070.95477232,167.466178987526,1,8.205210
0.200000,20260729,1,1000,360,288,72,0.222222222222222,0.174385036707221,1,4440101.00927696,165.084647415562,1,8.205877
0.200000,20260729,2,1000,360,288,72,0.152777777777778,0.294326199181051,1,4548361.57161014,166.557883385453,1,8.152612
0.200000,20260729,3,1000,360,288,72,0.263888888888889,0.145991981665081,1,4594738.1734665,166.594065572725,1,8.283019
0.200000,20260729,4,1000,360,288,72,0.236111111111111,0.213340426038983,1,4508468.14694188,166.689292754504,1,8.206337
0.200000,20260729,5,1000,360,288,72,0.361111111111111,0.296547196327137,1,4506876.36750807,166.28807213444,1,8.167724
0.200000,20260729,1,10000,360,288,72,0.236111111111111,0.193013221758465,1,4529420.57779432,165.130726894626,0,8.169713
0.200000,20260729,2,10000,360,288,72,0.138888888888889,0.270666105904013,1,4639629.34512722,166.926628546879,0,8.103381
0.200000,20260729,3,10000,360,288,72,0.263888888888889,0.153177984814977,1,4683975.14190427,166.27546836247,0,8.139465
0.200000,20260729,4,10000,360,288,72,0.222222222222222,0.213349432734319,1,4598690.19793367,166.437670844667,0,8.249707
0.200000,20260729,5,10000,360,288,72,0.333333333333333,0.27844253480398,1,4594930.49486558,166.253017296957,0,8.241126
0.200000,20260730,1,1,360,288,72,0.291666666666667,0.154687072986399,0.506944444444444,4469798.71509392,116.896397964875,1,8.113503
0.200000,20260730,2,1,360,288,72,0.194444444444444,0.214385414845665,0.440972222222222,4578375.59856493,116.112764032558,1,8.148513
0.200000,20260730,3,1,360,288,72,0.180555555555556,0.240156161472058,0.440972222222222,4340062.88438125,115.786122414315,1,8.224792
0.200000,20260730,4,1,360,288,72,0.208333333333333,0.113906674600593,0.510416666666667,4560654.24711022,114.514039636574,1,8.291113
0.200000,20260730,5,1,360,288,72,0.291666666666667,0.153166261962896,0.434027777777778,4444433.86624851,114.332655645514,1,8.162811
0.200000,20260730,1,10,360,288,72,0.291666666666667,0.176130418699933,0.736111111111111,4469884.45446129,134.117411074678,1,8.026142
0.200000,20260730,2,10,360,288,72,0.236111111111111,0.242043081341482,0.635416666666667,4578471.22216209,125.123878209904,1,8.207222
0.200000,20260730,3,10,360,288,72,0.166666666666667,0.232745323674609,0.538194444444444,4340153.30719046,121.98673556014,1,8.204592
0.200000,20260730,4,10,360,288,72,0.25,0.180901389234473,0.65625,4560745.07454801,125.993506144397,1,8.158173
0.200000,20260730,5,10,360,288,72,0.319444444444444,0.196394003032373,0.690972222222222,4444523.29287115,130.161664012716,1,8.130959
0.200000,20260730,1,100,360,288,72,0.277777777777778,0.178245215990861,1,4470741.84813507,165.055370920636,1,8.229001
0.200000,20260730,2,100,360,288,72,0.263888888888889,0.258267124702355,1,4579427.45813369,164.986333810258,1,8.069706
0.200000,20260730,3,100,360,288,72,0.208333333333333,0.21742913433048,1,4341057.53528257,163.343291564829,1,8.165907
0.200000,20260730,4,100,360,288,72,0.236111111111111,0.139826427273357,0.996527777777778,4561653.34892597,163.293851334147,1,8.131297
0.200000,20260730,5,100,360,288,72,0.361111111111111,0.160341204052523,0.996527777777778,4445417.55909755,164.556607982377,1,8.170284
0.200000,20260730,1,1000,360,288,72,0.263888888888889,0.14383388005689,1,4479315.78487285,163.77293890588,1,8.161058
0.200000,20260730,2,1000,360,288,72,0.277777777777778,0.267067649550242,1,4588989.81784969,162.726974263053,1,8.157963
0.200000,20260730,3,1000,360,288,72,0.222222222222222,0.216804487264959,1,4350099.81620361,162.235997614541,1,8.111643
0.200000,20260730,4,1000,360,288,72,0.25,0.160515737856518,1,4570736.09270559,164.815644296409,1,8.088165
0.200000,20260730,5,1000,360,288,72,0.361111111111111,0.167918542526291,1,4454360.22136154,165.867879241667,1,8.194640
0.200000,20260730,1,10000,360,288,72,0.25,0.153254251047215,1,4565055.15225061,163.535946118597,0,8.166492
0.200000,20260730,2,10000,360,288,72,0.277777777777778,0.267067649550242,1,4684613.41500968,162.56207901984,0,8.179750
0.200000,20260730,3,10000,360,288,72,0.222222222222222,0.216804487264959,1,4440522.625414,162.243726097871,0,8.167611
0.200000,20260730,4,10000,360,288,72,0.25,0.152339808768769,1,4661563.53050178,164.891766197509,0,8.170664
0.200000,20260730,5,10000,360,288,72,0.361111111111111,0.180315953314682,1,4543786.84400144,165.744226795001,0,8.129989
